scenario,car_id,highway,sens,entry_time_min,battery_pct_initial,consumption_pct_per_km,remaining_range_km,assigned_station_id,assigned_station_name,station_pk,station_chargers,arrival_time_min,arrival_slot,waiting_time_min,charging_start_min,charging_end_min,assigned_charger_index,distance_to_station_km,distance_station_to_exit_km,battery_used_to_station_pct,battery_pct_at_station,battery_needed_to_exit_after_charge_pct,battery_pct_after_charge,station_rank_assigned,station_rank_max_feasible,assigned_furthest,fallback_steps
A2_sens_plus,0,A2,1,0.0,71.91648388447706,0.22251833208508687,323.1935239249301,19,Coldrerio-Ovest,283.0,7,169.8,16,0.0,169.8,179.8,0,283.0,8.0,62.972687980079584,8.943795904397476,1.780146656680695,100.0,19,19,1,0
A2_sens_plus,1,A2,1,0.07528230865746549,45.11027518016419,0.2208091235683588,204.2953409314122,12,Lavorgo,201.0,1,120.67528230865746,12,0.0,120.67528230865746,130.67528230865747,0,201.0,90.0,44.38263383724012,0.7276413429240662,19.872821121152292,100.0,12,12,1,0
A2_sens_plus,2,A2,1,0.15056461731493098,78.6878335929106,0.22385803864573828,351.50774155328116,19,Coldrerio-Ovest,283.0,7,169.95056461731494,16,0.0,169.95056461731494,179.95056461731494,1,283.0,8.0,63.35182493674393,15.336008656166662,1.7908643091659062,100.0,19,19,1,0
A2_sens_plus,3,A2,1,0.2258469259723965,65.78944232474912,0.18171531711299788,362.04676287051024,19,Coldrerio-Ovest,283.0,7,170.02584692597242,17,0.0,170.02584692597242,180.02584692597242,2,283.0,8.0,51.425434742978396,14.364007581770721,1.453722536903983,100.0,19,19,1,0
A2_sens_plus,4,A2,1,0.30112923462986196,17.534187831011963,0.23900194571176955,73.36420537830165,4,Knutwil-Süd,71.0,7,42.901129234629856,4,0.0,42.901129234629856,52.901129234629856,0,71.0,220.0,16.969138145535638,0.5650496854763247,52.580428056589305,100.0,4,4,1,0
A2_sens_plus,5,A2,1,0.37641154328732745,88.04978813094047,0.20938305480284475,420.5201238173176,19,Coldrerio-Ovest,283.0,7,170.17641154328734,17,0.0,170.17641154328734,180.17641154328734,3,283.0,8.0,59.255404509205064,28.794383621735406,1.675064438422758,100.0,19,19,1,0
A2_sens_plus,6,A2,1,0.451693851944793,70.89117615922824,0.16260263417466264,435.9780302395296,19,Coldrerio-Ovest,283.0,7,170.2516938519448,17,0.0,170.2516938519448,180.2516938519448,4,283.0,8.0,46.01654547142953,24.874630687798707,1.3008210733973011,100.0,19,19,1,0
A2_sens_plus,7,A2,1,0.5269761606022585,72.8851444221563,0.1643718661455534,443.4161765713335,19,Coldrerio-Ovest,283.0,7,170.32697616060227,17,0.0,170.32697616060227,180.32697616060227,5,283.0,8.0,46.51723811919162,26.367906302964684,1.3149749291644273,100.0,19,19,1,0
A2_sens_plus,8,A2,1,0.6022584692597239,20.24909061404367,0.21930954269297015,92.33109679313897,6,Neuenkirch-West,86.0,3,52.202258469259725,5,0.0,52.202258469259725,62.202258469259725,0,86.0,205.0,18.860620671595434,1.3884699424482356,44.95845625205888,100.0,6,6,1,0
A2_sens_plus,9,A2,1,0.6775407779171895,46.03087503164537,0.1672943936442078,275.14893971606256,17,Agno/Muzzano-Sud,263.0,1,158.47754077791717,15,0.0,158.47754077791717,168.47754077791717,0,263.0,28.0,43.99842552842665,2.0324495032187215,4.684243022037819,100.0,17,17,1,0
A2_sens_plus,10,A2,1,0.7528230865746549,39.663841938606495,0.20072927015820433,197.5986955332699,11,San Gottardo-Sud Ambri-Piotta,185.0,6,111.75282308657465,11,0.0,111.75282308657465,121.75282308657465,0,185.0,106.0,37.1349149792678,2.5289269593386976,21.277302636769658,100.0,11,11,1,0
A2_sens_plus,11,A2,1,0.8281053952321205,84.14119910788814,0.24917744759287108,337.67582066803146,19,Coldrerio-Ovest,283.0,7,170.62810539523213,17,0.0,170.62810539523213,180.62810539523213,6,283.0,8.0,70.51721766878252,13.62398143910562,1.9934195807429687,100.0,19,19,1,0
A2_sens_plus,12,A2,1,0.903387703889586,61.50920960645316,0.15040076047333395,408.9687406690922,19,Coldrerio-Ovest,283.0,7,170.7033877038896,17,9.096612296110408,179.8,189.8,0,283.0,8.0,42.563415213953505,18.945794392499657,1.2032060837866716,100.0,19,19,1,0
A2_sens_plus,13,A2,1,0.9786700125470514,75.82092906166639,0.15165798018975568,499.9468472862334,19,Coldrerio-Ovest,283.0,7,170.77867001254705,17,9.171894604767886,179.95056461731494,189.95056461731494,1,283.0,8.0,42.919208393700856,32.901720667965535,1.2132638415180454,100.0,19,19,1,0
A2_sens_plus,14,A2,1,1.053952321204517,45.47313590618649,0.24930845819305064,182.3970844622312,10,Wassen,158.0,1,95.85395232120453,9,0.0,95.85395232120453,105.85395232120453,0,158.0,133.0,39.390736394502,6.082399511684493,33.158024939675734,100.0,10,10,1,0
A2_sens_plus,15,A2,1,1.1292346298619824,28.17909774278215,0.20846388341341654,135.17496307453212,6,Neuenkirch-West,86.0,3,52.729234629861985,5,0.0,52.729234629861985,62.729234629861985,1,86.0,205.0,17.92789397355382,10.25120376922833,42.73509609975039,100.0,6,6,1,0
A2_sens_plus,16,A2,1,1.2045169385194479,54.366782961266786,0.16269099755185132,334.1720425799192,19,Coldrerio-Ovest,283.0,7,171.00451693851946,17,9.021329987452958,180.02584692597242,190.02584692597242,2,283.0,8.0,46.04155230717392,8.325230654092863,1.3015279804148105,100.0,19,19,1,0
A2_sens_plus,17,A2,1,1.2797992471769135,15.105380488334026,0.23973021997540936,63.00991376841635,3,Gunzgen-Süd,46.0,6,28.879799247176916,2,0.0,28.879799247176916,38.87979924717692,0,46.0,245.0,11.027590118868831,4.077790369465195,58.733903893975295,100.0,3,3,1,0
A2_sens_plus,18,A2,1,1.355081555834379,76.21049375940656,0.23803803001276921,320.1610001364839,19,Coldrerio-Ovest,283.0,7,171.15508155583439,17,9.021329987452958,180.17641154328734,190.17641154328734,3,283.0,8.0,67.36476249361368,8.845731265792878,1.9043042401021537,100.0,19,19,1,0
A2_sens_plus,19,A2,1,1.4303638644918444,60.53315192976519,0.20362004131113753,297.28484259203503,19,Coldrerio-Ovest,283.0,7,171.23036386449186,17,9.02132998745293,180.2516938519448,190.2516938519448,4,283.0,8.0,57.62447169105192,2.9086802387132664,1.6289603304891003,100.0,19,19,1,0
A2_sens_plus,20,A2,1,1.5056461731493098,70.64701920682991,0.21217920298607565,332.95920718236533,19,Coldrerio-Ovest,283.0,7,171.3056461731493,17,9.021329987452958,180.32697616060227,190.32697616060227,5,283.0,8.0,60.04671444505941,10.600304761770502,1.6974336238886052,100.0,19,19,1,0
A2_sens_plus,21,A2,1,1.5809284818067755,38.36207745038947,0.17731871915008762,216.34533361319126,13,Bodio/Personico,212.0,1,128.78092848180677,12,0.0,128.78092848180677,138.78092848180677,0,212.0,79.0,37.591568459818575,0.770508990570896,14.008178812856922,100.0,13,13,1,0
A2_sens_plus,22,A2,1,1.656210790464241,87.65584195159227,0.1550519696372005,565.332011948603,19,Coldrerio-Ovest,283.0,7,171.45621079046424,17,9.171894604767886,180.62810539523213,190.62810539523213,6,283.0,8.0,43.87970740732774,43.77613454426452,1.240415757097604,100.0,19,19,1,0
A2_sens_plus,23,A2,1,1.7314930991217063,81.44968970577581,0.20945676088908644,388.8615930087157,18,Riva San Vitale-Nord,278.0,1,168.5314930991217,16,0.0,168.5314930991217,178.5314930991217,0,278.0,13.0,58.22897952716603,23.220710178609778,2.7229378915581237,100.0,18,19,0,1
A2_sens_plus,24,A2,1,1.806775407779172,72.27067976590095,0.1794755193202763,402.67708955299366,18,Riva San Vitale-Nord,278.0,1,168.60677540777917,16,9.924717691342522,178.5314930991217,188.5314930991217,0,278.0,13.0,49.89419437103681,22.37648539486414,2.333181751163592,100.0,18,19,0,1
A2_sens_plus,25,A2,1,1.8820577164366374,25.571096628157406,0.2163621046660352,118.18657739361319,6,Neuenkirch-West,86.0,3,53.482057716436636,5,0.0,53.482057716436636,63.482057716436636,2,86.0,205.0,18.60714100127903,6.963955626878377,44.354231456537214,100.0,6,6,1,0
A2_sens_plus,26,A2,1,1.9573400250941029,47.33768029816274,0.23362451768426012,202.6229129005153,12,Lavorgo,201.0,1,122.55734002509409,12,8.11794228356338,130.67528230865747,140.67528230865747,0,201.0,90.0,46.95852805453629,0.37915224362645006,21.02620659158341,100.0,12,12,1,0
A2_sens_plus,27,A2,1,2.0326223337515685,13.504301262978302,0.1518160543914364,88.95173384073964,6,Neuenkirch-West,86.0,3,53.63262233375157,5,8.569636135508155,62.202258469259725,72.20225846925973,0,86.0,205.0,13.05618067766353,0.44812058531477206,31.12229115024446,100.0,6,6,1,0
A2_sens_plus,28,A2,1,2.107904642409034,22.343159365403828,0.20957137746857274,106.61360170118843,6,Neuenkirch-West,86.0,3,53.707904642409034,5,9.021329987452951,62.729234629861985,72.72923462986199,1,86.0,205.0,18.023138462297254,4.320020903106574,42.96213238105741,100.0,6,6,1,0
A2_sens_plus,29,A2,1,2.1831869510664994,64.64391625939638,0.17312805396868522,373.387875491796,17,Agno/Muzzano-Sud,263.0,1,159.98318695106647,15,8.494353826850698,168.47754077791717,178.47754077791717,0,263.0,28.0,45.53267819376421,19.111238065632165,4.847585511123186,100.0,17,19,0,2
A2_sens_plus,30,A2,1,2.258469259723965,69.58097247262538,0.23738884979038014,293.10969126842724,16,Sasso/Cadenazzo-Nord,243.0,1,148.05846925972398,14,0.0,148.05846925972398,158.05846925972398,0,243.0,48.0,57.685490499062375,11.895481973563001,11.394664789938247,100.0,16,19,0,3
A2_sens_plus,31,A2,1,2.3337515683814303,87.4007785947368,0.17536645065618284,498.38939128722876,16,Sasso/Cadenazzo-Nord,243.0,1,148.13375156838146,14,9.924717691342522,158.05846925972398,168.05846925972398,0,243.0,48.0,42.614047509452426,44.78673108528438,8.417589631496776,100.0,16,19,0,3
A2_sens_plus,32,A2,1,2.4090338770388957,36.06602865105216,0.21107701332354184,170.8666807586937,10,Wassen,158.0,1,97.2090338770389,9,8.644918444165626,105.85395232120453,115.85395232120453,0,158.0,133.0,33.35016810511961,2.71586054593255,28.073242772031065,100.0,10,10,1,0
A2_sens_plus,33,A2,1,2.484316185696361,39.636776482789514,0.20535408400896116,193.01674312481586,11,San Gottardo-Sud Ambri-Piotta,185.0,6,113.48431618569636,11,0.0,113.48431618569636,123.48431618569636,1,185.0,106.0,37.99050554165781,1.6462709411317036,21.76753290494988,100.0,11,11,1,0
A2_sens_plus,34,A2,1,2.559598494353827,47.564464902064636,0.1896166500059249,250.8454025560435,15,Bellinzona-Nord,233.0,10,142.35959849435383,14,0.0,142.35959849435383,152.35959849435383,0,233.0,58.0,44.1806794513805,3.3837854506841367,10.997765700343644,100.0,15,16,0,1
A2_sens_plus,35,A2,1,2.6348808030112925,25.157708726742854,0.2177620763599794,115.52842050034002,6,Neuenkirch-West,86.0,3,54.23488080301129,5,9.247176913425342,63.482057716436636,73.48205771643663,2,86.0,205.0,18.72753856695823,6.430170159784623,44.64122565379578,100.0,6,6,1,0
A2_sens_plus,36,A2,1,2.710163111668758,20.39372042683773,0.22257696347154338,91.62547690810366,5,Inseli,79.0,1,50.11016311166876,5,0.0,50.11016311166876,60.11016311166876,0,79.0,212.0,17.583580114251927,2.810140312585805,47.1863162559672,100.0,5,6,0,1
A2_sens_plus,37,A2,1,2.7854454203262233,48.0563940980747,0.20669377953193868,232.50043715345066,14,Moleno-Sud,225.0,1,137.78544542032623,13,0.0,137.78544542032623,147.78544542032623,0,225.0,66.0,46.5061003946862,1.5502937033884976,13.641789449107954,100.0,14,14,1,0
A2_sens_plus,38,A2,1,2.8607277289836888,28.15274792407073,0.2258422237184754,124.65670706096421,5,Inseli,79.0,1,50.260727728983696,5,9.849435382685066,60.11016311166876,70.11016311166875,0,79.0,212.0,17.841535673759555,10.311212250311176,47.87855142831678,100.0,5,6,0,1
A2_sens_plus,39,A2,1,2.936010037641154,63.585119574600824,0.24834170759929375,256.03882726455754,15,Bellinzona-Nord,233.0,10,142.73601003764117,14,0.0,142.73601003764117,152.73601003764117,1,233.0,58.0,57.863617870635444,5.72150170396538,14.403819040759037,100.0,15,16,0,1
A2_sens_plus,40,A2,1,3.0112923462986196,44.97215350978646,0.1919272387900805,234.31876472195037,15,Bellinzona-Nord,233.0,10,142.81129234629864,14,0.0,142.81129234629864,152.81129234629864,2,233.0,58.0,44.719046638088756,0.2531068716977032,11.13177984982467,100.0,15,15,1,0
A2_sens_plus,41,A2,1,3.0865746549560855,76.614255684627,0.2014583051885531,380.29832333256536,15,Bellinzona-Nord,233.0,10,142.8865746549561,14,0.0,142.8865746549561,152.8865746549561,3,233.0,58.0,46.939785108932874,29.674470575694123,11.684581700936079,100.0,15,19,0,4
A2_sens_plus,42,A2,1,3.161856963613551,66.02120816017992,0.15124698779412132,436.5125489312128,15,Bellinzona-Nord,233.0,10,142.96185696361357,14,0.0,142.96185696361357,152.96185696361357,4,233.0,58.0,35.24054815603027,30.780660004149652,8.772325292059037,100.0,15,19,0,4
A2_sens_plus,43,A2,1,3.2371392722710164,34.98933131056329,0.22960285563103783,152.3906626265558,8,Amsteg,148.0,1,92.03713927227102,9,0.0,92.03713927227102,102.03713927227102,0,148.0,143.0,33.9812226333936,1.0081086771696874,32.83320835523841,100.0,8,8,1,0
A2_sens_plus,44,A2,1,3.312421580928482,76.58078411161608,0.20202300670459938,379.06961865780704,15,Bellinzona-Nord,233.0,10,143.1124215809285,14,0.0,143.1124215809285,153.1124215809285,5,233.0,58.0,47.071360562171655,29.509423549444428,11.717334388866764,100.0,15,19,0,4
A2_sens_plus,45,A2,1,3.3877038895859473,74.38114859974415,0.19079614303605652,389.8461856521264,15,Bellinzona-Nord,233.0,10,143.18770388958595,14,0.0,143.18770388958595,153.18770388958595,6,233.0,58.0,44.455501327401166,29.925647272342985,11.066176296091278,100.0,15,19,0,4
A2_sens_plus,46,A2,1,3.4629861982434127,40.99827032241396,0.15940719630893957,257.1920921496991,15,Bellinzona-Nord,233.0,10,143.26298619824342,14,0.0,143.26298619824342,153.26298619824342,7,233.0,58.0,37.14187673998292,3.856393582431039,9.245617385918495,100.0,15,16,0,1
A2_sens_plus,47,A2,1,3.538268506900878,33.066248314419525,0.23896564216753974,138.37239535563296,4,Knutwil-Süd,71.0,7,46.13826850690087,4,0.0,46.13826850690087,56.13826850690087,1,71.0,220.0,16.96656059389532,16.099687720524205,52.57244127685874,100.0,4,6,0,2
A2_sens_plus,48,A2,1,3.613550815558344,64.59964031799804,0.18950072400405563,340.8938971474088,15,Bellinzona-Nord,233.0,10,143.41355081555835,14,0.0,143.41355081555835,153.41355081555835,8,233.0,58.0,44.15366869294496,20.445971625053076,10.991041992235226,100.0,15,19,0,4
A2_sens_plus,49,A2,1,3.6888331242158094,21.180198688744785,0.21825815982092203,97.0419557560774,4,Knutwil-Süd,71.0,7,46.288833124215806,4,0.0,46.288833124215806,56.288833124215806,2,71.0,220.0,15.496329347285464,5.683869341459321,48.01679516060285,100.0,4,6,0,2
A2_sens_plus,50,A2,1,3.764115432873275,25.992656198008667,0.16493741563681508,157.5910238295679,9,Wiler,156.0,1,97.36411543287328,9,0.0,97.36411543287328,107.36411543287328,0,156.0,135.0,25.730236839343153,0.2624193586655146,22.266551110970035,100.0,9,9,1,0
A2_sens_plus,51,A2,1,3.8393977415307403,10.588981580080441,0.24615496295410325,43.01754249844155,2,Teufengraben,40.0,11,27.83939774153074,2,0.0,27.83939774153074,37.83939774153074,0,40.0,251.0,9.84619851816413,0.7427830619163114,61.78489570147991,100.0,2,2,1,0
A2_sens_plus,52,A2,1,3.9146800501882058,72.95395020017108,0.16784417618218309,434.6528539720358,15,Bellinzona-Nord,233.0,10,143.7146800501882,14,0.0,143.7146800501882,153.7146800501882,9,233.0,58.0,39.10769305044866,33.84625714972242,9.734962218566618,100.0,15,19,0,4
A2_sens_plus,53,A2,1,3.989962358845671,63.188068527362574,0.16995419928994904,371.7946881651395,15,Bellinzona-Nord,233.0,10,143.78996235884568,14,8.569636135508148,152.35959849435383,162.35959849435383,0,233.0,58.0,39.599328434558124,23.58874009280445,9.857343558817044,100.0,15,19,0,4
A2_sens_plus,54,A2,1,4.065244667503137,66.41323029010681,0.23589828605577137,281.5333311680158,15,Bellinzona-Nord,233.0,10,143.86524466750313,14,8.870765370138031,152.73601003764117,162.73601003764117,1,233.0,58.0,54.96430065099473,11.44892963911208,13.68210059123474,100.0,15,18,0,3
A2_sens_plus,55,A2,1,4.1405269761606025,72.45832248175743,0.24125827441419312,300.3350772432398,15,Bellinzona-Nord,233.0,10,143.9405269761606,14,8.870765370138031,152.81129234629864,162.81129234629864,2,233.0,58.0,56.213177938506995,16.24514454325044,13.9929799160232,100.0,15,19,0,4
A2_sens_plus,56,A2,1,4.215809284818068,46.713262043067196,0.17121474075233015,272.8343473103174,15,Bellinzona-Nord,233.0,10,144.0158092848181,14,8.870765370138002,152.8865746549561,162.8865746549561,3,233.0,58.0,39.893034595292924,6.820227447774272,9.930454963635148,100.0,15,17,0,2
A2_sens_plus,57,A2,1,4.291091593475533,55.4992956762315,0.19698008881748277,281.7507901910628,15,Bellinzona-Nord,233.0,10,144.09109159347554,14,8.870765370138031,152.96185696361357,162.96185696361357,4,233.0,58.0,45.896360694473486,9.602934981758011,11.424845151414,100.0,15,18,0,3
A2_sens_plus,58,A2,1,4.366373902132999,21.183759850212596,0.223349490456283,94.84579439575202,4,Knutwil-Süd,71.0,7,46.96637390213299,4,0.0,46.96637390213299,56.96637390213299,3,71.0,220.0,15.857813822396093,5.325946027816503,49.136887900382256,100.0,4,6,0,2
A2_sens_plus,59,A2,1,4.441656210790464,19.162405882877877,0.23783657338108016,80.56963489872682,4,Knutwil-Süd,71.0,7,47.04165621079046,4,0.0,47.04165621079046,57.04165621079046,4,71.0,220.0,16.88639671005669,2.276009172821187,52.324046143837634,100.0,4,5,0,1
A2_sens_plus,60,A2,1,4.51693851944793,63.47223694323773,0.18790526950373052,337.78848837433804,15,Bellinzona-Nord,233.0,10,144.31693851944794,14,8.795483061480553,153.1124215809285,163.1124215809285,5,233.0,58.0,43.78192779436921,19.690309148868522,10.89850563121637,100.0,15,19,0,4
A2_sens_plus,61,A2,1,4.592220828105395,47.6876964914506,0.20170194868494293,236.4265531511471,15,Bellinzona-Nord,233.0,10,144.3922208281054,14,8.795483061480553,153.18770388958595,163.18770388958595,6,233.0,58.0,46.9965540435917,0.6911424478589012,11.69871302372669,100.0,15,15,1,0
A2_sens_plus,62,A2,1,4.6675031367628605,55.218888518495106,0.22417164105197349,246.32414813652892,15,Bellinzona-Nord,233.0,10,144.46750313676287,14,8.795483061480553,153.26298619824342,163.26298619824342,7,233.0,58.0,52.231992365109825,2.986896153385281,13.001955181014463,100.0,15,16,0,1
A2_sens_plus,63,A2,1,4.742785445420326,71.19990859328205,0.22311359766527955,319.1195397247723,15,Bellinzona-Nord,233.0,10,144.54278544542035,14,8.870765370138002,153.41355081555835,163.41355081555835,8,233.0,58.0,51.98546825601014,19.21444033727191,12.940588664586214,100.0,15,19,0,4
A2_sens_plus,64,A2,1,4.818067754077791,60.777465600047265,0.2282960130026085,266.22219460027463,15,Bellinzona-Nord,233.0,10,144.6180677540778,14,9.096612296110408,153.7146800501882,163.7146800501882,9,233.0,58.0,53.192971029607776,7.584494570439489,13.241168754151293,100.0,15,17,0,2
A2_sens_plus,65,A2,1,4.893350062735257,54.286352052639664,0.20699338186415264,262.261293398584,14,Moleno-Sud,225.0,1,139.89335006273527,13,7.892095357590961,147.78544542032623,157.78544542032623,0,225.0,66.0,46.57351091943435,7.712841133205316,13.661563203034074,100.0,14,16,0,2
A2_sens_plus,66,A2,1,4.968632371392722,54.736572859633085,0.1604615096804775,341.1196427643519,13,Bodio/Personico,212.0,1,132.16863237139273,13,6.612296110414036,138.78092848180677,148.78092848180677,0,212.0,79.0,34.017840052261235,20.71873280737185,12.676459264757723,100.0,13,19,0,6
A2_sens_plus,67,A2,1,5.043914680050189,34.316007845008976,0.240397329087804,142.7470428861346,7,Gotthard-West,139.0,10,88.44391468005018,8,0.0,88.44391468005018,98.44391468005018,0,139.0,152.0,33.41522874320476,0.9007791018042184,36.54039402134621,100.0,7,7,1,0
A2_sens_plus,68,A2,1,5.119196988707654,12.465426765435152,0.2365572539321028,52.69517868605715,3,Gunzgen-Süd,46.0,6,32.71919698870766,3,0.0,32.71919698870766,42.71919698870766,1,46.0,245.0,10.881633680876728,1.5837930845584243,57.956527213365185,100.0,3,3,1,0
A2_sens_plus,69,A2,1,5.1944792973651195,44.93739113858899,0.22980974358183331,195.54171393340928,11,San Gottardo-Sud Ambri-Piotta,185.0,6,116.19447929736512,11,0.0,116.19447929736512,126.19447929736512,2,185.0,106.0,42.51480256263916,2.422588575949831,24.35983281967433,100.0,11,11,1,0
A2_sens_plus,70,A2,1,5.269761606022585,27.166773825562338,0.15998624771607295,169.80693161686696,9,Wiler,156.0,1,98.86976160602259,9,8.494353826850684,107.36411543287328,117.36411543287328,0,156.0,135.0,24.95785464370738,2.2089191818549594,21.598143441669848,100.0,9,10,0,1
A2_sens_plus,71,A2,1,5.34504391468005,42.682291497970894,0.1704397367081429,250.42453316540303,12,Lavorgo,201.0,1,125.94504391468004,12,14.73023839397743,140.67528230865747,150.67528230865747,0,201.0,90.0,34.258387078336725,8.42390441963417,15.339576303732862,100.0,12,16,0,4
A2_sens_plus,72,A2,1,5.420326223337516,78.27224586145329,0.2243600365107652,348.8689299517815,19,Coldrerio-Ovest,283.0,7,175.22032622333754,17,14.579673776662474,189.8,199.8,0,283.0,8.0,63.49389033254655,14.778355528906737,1.7948802920861215,100.0,19,19,1,0
A2_sens_plus,73,A2,1,5.495608531994981,28.71515886922726,0.15231400945819465,188.52605201170715,11,San Gottardo-Sud Ambri-Piotta,185.0,6,116.49560853199498,11,0.0,116.49560853199498,126.49560853199498,3,185.0,106.0,28.17809174976601,0.5370671194612484,16.145285002568635,100.0,11,11,1,0
A2_sens_plus,74,A2,1,5.570890840652447,14.664219335125281,0.24792246337072796,59.14840928793658,3,Gunzgen-Süd,46.0,6,33.17089084065245,3,0.0,33.17089084065245,43.17089084065245,2,46.0,245.0,11.404433315053486,3.259786020071795,60.74100352582835,100.0,3,3,1,0
A2_sens_plus,75,A2,1,5.646173149309912,32.510711361759725,0.18771446803556807,173.19235806373544,8,Amsteg,148.0,1,94.44617314930991,9,7.590966122961106,102.03713927227102,112.03713927227102,0,148.0,143.0,27.781741269264074,4.728970092495651,26.843168929086236,100.0,8,10,0,2
A2_sens_plus,76,A2,1,5.7214554579673775,33.48750062133469,0.22193125336908237,150.89132383550938,7,Gotthard-West,139.0,10,89.12145545796737,8,0.0,89.12145545796737,99.12145545796737,1,139.0,152.0,30.84844421830245,2.6390564030322388,33.73355051210052,100.0,7,8,0,1
A2_sens_plus,77,A2,1,5.796737766624843,62.953321178151604,0.23875710884880433,263.6709812817239,17,Agno/Muzzano-Sud,263.0,1,163.5967377666248,16,14.880803011292357,178.47754077791717,188.47754077791717,0,263.0,28.0,62.79311962723554,0.1602015509160637,6.685199047766521,100.0,17,17,1,0
A2_sens_plus,78,A2,1,5.872020075282308,54.562572187302266,0.18946298881500823,287.9853871648631,19,Coldrerio-Ovest,283.0,7,175.67202007528232,17,14.27854454203262,189.95056461731494,199.95056461731494,1,283.0,8.0,53.61802583464733,0.9445463526549389,1.5157039105200658,100.0,19,19,1,0
A2_sens_plus,79,A2,1,5.947302383939774,72.71185672851308,0.1819132488599666,399.7062181242517,19,Coldrerio-Ovest,283.0,7,175.7473023839398,17,14.27854454203262,190.02584692597242,200.02584692597242,2,283.0,8.0,51.48144942737055,21.230407301142534,1.4553059908797328,100.0,19,19,1,0
A2_sens_plus,80,A2,1,6.022584692597239,63.145083226191005,0.21087411288982466,299.44445224142993,19,Coldrerio-Ovest,283.0,7,175.82258469259725,17,14.353826850690098,190.17641154328734,200.17641154328734,3,283.0,8.0,59.67737394782038,3.467709278370627,1.6869929031185973,100.0,19,19,1,0
A2_sens_plus,81,A2,1,6.097867001254705,42.510948915205645,0.20809893737480506,204.28239303615265,11,San Gottardo-Sud Ambri-Piotta,185.0,6,117.0978670012547,11,0.0,117.0978670012547,127.0978670012547,4,185.0,106.0,38.498303414338935,4.012645500866711,22.058487361729338,100.0,11,12,0,1
A2_sens_plus,82,A2,1,6.173149309912171,75.12163077328277,0.19091399776247972,393.4841428795768,19,Coldrerio-Ovest,283.0,7,175.97314930991217,17,14.27854454203262,190.2516938519448,200.2516938519448,4,283.0,8.0,54.02866136678176,21.092969406501012,1.5273119820998378,100.0,19,19,1,0
A2_sens_plus,83,A2,1,6.2484316185696365,23.357833592616313,0.21017747558677086,111.1338573622421,6,Neuenkirch-West,86.0,3,57.848431618569634,5,14.353826850690098,72.20225846925973,82.20225846925973,0,86.0,205.0,18.075262900462295,5.282570692154017,43.08638249528803,100.0,6,6,1,0
A2_sens_plus,84,A2,1,6.323713927227102,11.816965850708838,0.24353813695664947,48.52203436545256,3,Gunzgen-Süd,46.0,6,33.923713927227105,3,0.0,33.923713927227105,43.923713927227105,3,46.0,245.0,11.202754300005875,0.6142115507029633,59.66684355437912,100.0,3,3,1,0
A2_sens_plus,85,A2,1,6.398996235884567,17.20382886205134,0.19676402566265963,87.43381217228342,6,Neuenkirch-West,86.0,3,57.99899623588457,5,14.730238393977423,72.72923462986199,82.72923462986199,1,86.0,205.0,16.921706206988727,0.28212265506261147,40.336625260845224,100.0,6,6,1,0
A2_sens_plus,86,A2,1,6.474278544542033,67.78874804771603,0.16967421807506314,399.5229730054013,19,Coldrerio-Ovest,283.0,7,176.27427854454206,17,14.052697616060215,190.32697616060227,200.32697616060227,5,283.0,8.0,48.01780371524287,19.770944332473157,1.357393744600505,100.0,19,19,1,0
A2_sens_plus,87,A2,1,6.549560853199498,46.95017842011099,0.18772059828830037,250.10669499361563,11,San Gottardo-Sud Ambri-Piotta,185.0,6,117.5495608531995,11,0.0,117.5495608531995,127.5495608531995,5,185.0,106.0,34.72831068333557,12.221867736775415,19.89838341855984,100.0,11,16,0,5
A2_sens_plus,88,A2,1,6.624843161856964,22.901742322688143,0.18941069825931187,120.91050047941123,4,Knutwil-Süd,71.0,7,49.22484316185696,4,0.0,49.22484316185696,59.22484316185696,5,71.0,220.0,13.448159576411143,9.453582746277,41.67035361704861,100.0,4,6,0,2
A2_sens_plus,89,A2,1,6.700125470514429,50.08358200826908,0.16311086930262197,307.05238849134133,19,Coldrerio-Ovest,283.0,7,176.50012547051443,17,14.127979924717692,190.62810539523213,200.62810539523213,6,283.0,8.0,46.16037601264202,3.9232059956270646,1.3048869544209758,100.0,19,19,1,0
A2_sens_plus,90,A2,1,6.7754077791718945,22.184968217053473,0.1662871500554555,133.41360537873766,4,Knutwil-Süd,71.0,7,49.37540777917189,4,0.0,49.37540777917189,59.37540777917189,6,71.0,220.0,11.80638765393734,10.378580563116133,36.583173012200206,100.0,4,6,0,2
A2_sens_plus,91,A2,1,6.85069008782936,65.70563000621888,0.21845620733936771,300.77254753464797,18,Riva San Vitale-Nord,278.0,1,173.65069008782933,17,14.880803011292357,188.5314930991217,198.5314930991217,0,278.0,13.0,60.73082564034422,4.974804365874661,2.8399306954117804,100.0,18,19,0,1
A2_sens_plus,92,A2,1,6.925972396486825,45.69250204592245,0.18394777542089027,248.39931845532567,13,Bodio/Personico,212.0,1,134.12597239648682,13,14.654956085319952,148.78092848180677,158.78092848180677,0,212.0,79.0,38.996928389228735,6.695573656693718,14.531874258250332,100.0,13,16,0,3
A2_sens_plus,93,A2,1,7.001254705144291,40.4816980877186,0.24548983918558076,164.90172555417257,10,Wassen,158.0,1,101.8012547051443,10,14.052697616060229,115.85395232120453,125.85395232120453,0,158.0,133.0,38.78739459132176,1.6943034963968415,32.65014861168224,100.0,10,10,1,0
A2_sens_plus,94,A2,1,7.076537013801756,34.12096713183012,0.17435967453586074,195.69299623126116,11,San Gottardo-Sud Ambri-Piotta,185.0,6,118.07653701380175,11,3.6762860727728963,121.75282308657465,131.75282308657467,0,185.0,106.0,32.25653978913424,1.8644273426958833,18.48212550080124,100.0,11,11,1,0
A2_sens_plus,95,A2,1,7.151819322459222,60.42260744951108,0.15989245051048223,377.89531185870396,11,San Gottardo-Sud Ambri-Piotta,185.0,6,118.15181932245922,11,5.3324968632371395,123.48431618569636,133.48431618569634,1,185.0,106.0,29.580103344439213,30.842504105071864,16.948599754111118,100.0,11,19,0,8
A2_sens_plus,96,A2,1,7.227101631116688,38.945008844271236,0.2253504563000258,172.8197470007376,7,Gotthard-West,139.0,10,90.62710163111667,9,0.0,90.62710163111667,100.62710163111667,2,139.0,152.0,31.323713425703584,7.621295418567652,34.25326935760392,100.0,7,10,0,3
A2_sens_plus,97,A2,1,7.3023839397741535,17.011993545288078,0.238103605191787,71.44786208333682,4,Knutwil-Süd,71.0,7,49.90238393977415,4,2.998745294855709,52.901129234629856,62.901129234629856,0,71.0,220.0,16.905355968616878,0.10663757667120066,52.38279314219314,100.0,4,4,1,0
A2_sens_plus,98,A2,1,7.377666248431619,19.440472169641225,0.17781133568714877,109.33201808823866,6,Neuenkirch-West,86.0,3,58.97766624843162,5,14.50439146800501,73.48205771643663,83.48205771643663,2,86.0,205.0,15.291774869094795,4.148697300546431,36.4513238158655,100.0,6,6,1,0
A2_sens_plus,99,A2,1,7.452948557089084,86.95181316396116,0.17020881016454778,510.853774724712,16,Sasso/Cadenazzo-Nord,243.0,1,153.2529485570891,15,14.80552070263488,168.05846925972398,178.05846925972398,0,243.0,48.0,41.36074086998511,45.591072293976055,8.170022887898293,100.0,16,19,0,3
A2_sens_plus,100,A2,1,7.52823086574655,82.68645525660857,0.1685766134871087,490.4977834480684,11,San Gottardo-Sud Ambri-Piotta,185.0,6,118.52823086574655,11,7.66624843161857,126.19447929736512,136.19447929736512,2,185.0,106.0,31.18667349511511,51.49978176149346,17.869121029633522,100.0,11,19,0,8
A2_sens_plus,101,A2,1,7.603513174404015,65.97657070485997,0.20220123013665123,326.2916385833648,15,Bellinzona-Nord,233.0,10,147.40351317440403,14,14.956085319949807,162.35959849435383,172.35959849435383,0,233.0,58.0,47.112886621839735,18.86368408302023,11.72767134792577,100.0,15,19,0,4
A2_sens_plus,102,A2,1,7.678795483061481,31.269596916761564,0.1968416641246771,158.85659703098113,7,Gotthard-West,139.0,10,91.07879548306147,9,0.0,91.07879548306147,101.07879548306147,3,139.0,152.0,27.360991313330118,3.9086056034314467,29.91993294695092,100.0,7,10,0,3
A2_sens_plus,103,A2,1,7.754077791718946,87.53411018781792,0.1759439839854534,497.51124309572873,11,San Gottardo-Sud Ambri-Piotta,185.0,6,118.75407779171894,11,7.741530740276033,126.49560853199498,136.49560853199498,3,185.0,106.0,32.549637037308884,54.98447315050903,18.65006230245806,100.0,11,19,0,8
A2_sens_plus,104,A2,1,7.8293601003764115,72.30007231726357,0.15451731169894264,467.90920397405745,14,Moleno-Sud,225.0,1,142.82936010037642,14,14.956085319949807,157.78544542032623,167.78544542032623,0,225.0,66.0,34.7663951322621,37.53367718500147,10.198142572130214,100.0,14,19,0,5
A2_sens_plus,105,A2,1,7.904642409033877,67.35121513271964,0.19814913403262807,339.90163752938383,11,San Gottardo-Sud Ambri-Piotta,185.0,6,118.90464240903388,11,8.193224592220815,127.0978670012547,137.0978670012547,4,185.0,106.0,36.65758979603619,30.693625336683453,21.003808207458576,100.0,11,19,0,8
A2_sens_plus,106,A2,1,7.979924717691342,45.94892017150309,0.24593323476356083,186.83493597633597,11,San Gottardo-Sud Ambri-Piotta,185.0,6,118.97992471769135,11,8.569636135508148,127.5495608531995,137.5495608531995,5,185.0,106.0,45.49764843125875,0.45127174024433714,26.068922884937447,100.0,11,11,1,0
A2_sens_plus,107,A2,1,8.055207026348809,31.77932494761272,0.21525192007526633,147.63782333045188,7,Gotthard-West,139.0,10,91.4552070263488,9,0.0,91.4552070263488,101.4552070263488,4,139.0,152.0,29.92001689046202,1.8593080571507024,32.71829185144048,100.0,7,7,1,0
A2_sens_plus,108,A2,1,8.130489335006274,17.711276972279943,0.19955065566286184,88.75579442947513,5,Inseli,79.0,1,55.53048933500628,5,14.579673776662474,70.11016311166875,80.11016311166875,0,79.0,212.0,15.764501797366085,1.9467751749138582,42.30473900052671,100.0,5,6,0,1
A2_sens_plus,109,A2,1,8.20577164366374,82.20819172350733,0.1610692074029616,510.39049020611094,15,Bellinzona-Nord,233.0,10,148.00577164366376,14,14.730238393977402,162.73601003764117,172.73601003764117,1,233.0,58.0,37.52912532489005,44.67906639861727,9.342014029371773,100.0,15,19,0,4
A2_sens_plus,110,A2,1,8.281053952321205,46.462103186688886,0.17524362905495872,265.12862942434134,15,Bellinzona-Nord,233.0,10,148.0810539523212,14,14.73023839397743,162.81129234629864,172.81129234629864,2,233.0,58.0,40.831765569805384,5.6303376168835015,10.164130485187606,100.0,15,17,0,2
A2_sens_plus,111,A2,1,8.35633626097867,26.189069183618425,0.17947739495745427,145.9184828809591,7,Gotthard-West,139.0,10,91.75633626097866,9,0.0,91.75633626097866,101.75633626097866,5,139.0,152.0,24.947357899086143,1.2417112845322826,27.28056403353305,100.0,7,7,1,0
A2_sens_plus,112,A2,1,8.431618569636136,34.4765299320522,0.22648035526072344,152.22746313852667,8,Amsteg,148.0,1,97.23161856963614,9,14.80552070263488,112.03713927227102,122.03713927227102,0,148.0,143.0,33.51909257858707,0.9574373534651315,32.386690802283454,100.0,8,8,1,0
A2_sens_plus,113,A2,1,8.506900878293601,56.33756551535168,0.23767107972646193,237.04005375913283,15,Bellinzona-Nord,233.0,10,148.30690087829362,14,14.579673776662474,162.8865746549561,172.8865746549561,3,233.0,58.0,55.37736157626563,0.9602039390860497,13.784922624134792,100.0,15,15,1,0
A2_sens_plus,114,A2,1,8.582183186951067,24.14182263513854,0.24016418535664386,100.52215986862457,4,Knutwil-Süd,71.0,7,51.182183186951065,5,4.956085319949807,56.13826850690087,66.13826850690087,1,71.0,220.0,17.051657160321714,7.090165474816825,52.83612077846165,100.0,4,6,0,2
A2_sens_plus,115,A2,1,8.657465495608532,78.52914272739004,0.2484568608250754,316.06751557035096,15,Bellinzona-Nord,233.0,10,148.45746549560855,14,14.504391468005025,162.96185696361357,172.96185696361357,4,233.0,58.0,57.89044857224257,20.63869415514747,14.410497927854372,100.0,15,19,0,4
A2_sens_plus,116,A2,1,8.732747804265998,70.68156238681681,0.24823666831045324,284.7345755479607,15,Bellinzona-Nord,233.0,10,148.53274780426602,14,14.579673776662474,163.1124215809285,173.1124215809285,5,233.0,58.0,57.839143716335606,12.842418670481202,14.397726762006288,100.0,15,19,0,4
A2_sens_plus,117,A2,1,8.808030112923463,67.55703647607494,0.24529991327679815,275.40587183103935,15,Bellinzona-Nord,233.0,10,148.60803011292347,14,14.579673776662474,163.18770388958595,173.18770388958595,6,233.0,58.0,57.15487979349397,10.402156682580973,14.227394970054293,100.0,15,17,0,2
A2_sens_plus,118,A2,1,8.883312421580928,44.5674431820083,0.15718221405028843,283.5399886131488,15,Bellinzona-Nord,233.0,10,148.68331242158095,14,14.579673776662474,163.26298619824342,173.26298619824342,7,233.0,58.0,36.623455873717205,7.943987308291092,9.11656841491673,100.0,15,19,0,4
A2_sens_plus,119,A2,1,8.958594730238394,60.18470725619545,0.1637793535927805,367.474324058197,15,Bellinzona-Nord,233.0,10,148.7585947302384,14,14.654956085319952,163.41355081555835,173.41355081555835,8,233.0,58.0,38.16058938711786,22.024117869077593,9.49920250838127,100.0,15,19,0,4
A2_sens_plus,120,A2,1,9.03387703889586,56.72783751301885,0.1804466526476033,314.3745626792169,15,Bellinzona-Nord,233.0,10,148.83387703889588,14,14.880803011292329,163.7146800501882,173.7146800501882,9,233.0,58.0,42.044070066891564,14.683767446127284,10.46590585356099,100.0,15,19,0,4
A2_sens_plus,121,A2,1,9.109159347553325,61.9877281243856,0.20528982540644614,301.9522667607041,11,San Gottardo-Sud Ambri-Piotta,185.0,6,120.10915934755333,12,11.643663739021335,131.75282308657467,141.75282308657467,0,185.0,106.0,37.97861770019254,24.00911042419306,21.76072149308329,100.0,11,19,0,8
A2_sens_plus,122,A2,1,9.18444165621079,16.755545691191127,0.15969778887054792,104.92033615301514,4,Knutwil-Süd,71.0,7,51.78444165621079,5,4.504391468005018,56.288833124215806,66.28883312421581,2,71.0,220.0,11.338543009808902,5.417002681382225,35.133513551520544,100.0,4,6,0,2
A2_sens_plus,123,A2,1,9.259723964868256,43.26459217364877,0.23457969578021426,184.4345139495144,9,Wiler,156.0,1,102.85972396486827,10,14.50439146800501,117.36411543287328,127.36411543287328,0,156.0,135.0,36.594432541713424,6.670159631935348,31.668258930328925,100.0,9,10,0,1
A2_sens_plus,124,A2,1,9.335006273525721,13.329133908951398,0.2116756179077309,62.969623240979736,3,Gunzgen-Süd,46.0,6,36.93500627352572,3,0.0,36.93500627352572,46.93500627352572,4,46.0,245.0,9.737078423755621,3.592055485195777,51.86052638739407,100.0,3,3,1,0
A2_sens_plus,125,A2,1,9.410288582183187,49.519265539561516,0.2042364402302205,242.46048101769765,11,San Gottardo-Sud Ambri-Piotta,185.0,6,120.41028858218318,12,13.074027603513159,133.48431618569634,143.48431618569634,1,185.0,106.0,37.783741442590795,11.735524096970721,21.649062664403374,100.0,11,15,0,4
A2_sens_plus,126,A2,1,9.485570890840652,36.388896986622825,0.16653113233672912,218.51107643370722,7,Gotthard-West,139.0,10,92.88557089084064,9,0.0,92.88557089084064,102.88557089084064,6,139.0,152.0,23.147827394805347,13.241069591817478,25.312732115182826,100.0,7,13,0,6
A2_sens_plus,127,A2,1,9.560853199498117,21.561935109283752,0.17532554744001974,122.98227739263304,4,Knutwil-Süd,71.0,7,52.16085319949811,5,4.80552070263488,56.96637390213299,66.966373902133,3,71.0,220.0,12.448113868241402,9.11382124104235,38.571620436804345,100.0,4,6,0,2
A2_sens_plus,128,A2,1,9.636135508155583,18.27223741780413,0.1660312024982258,110.05303306165831,4,Knutwil-Süd,71.0,7,52.23613550815558,5,4.80552070263488,57.04165621079046,67.04165621079045,4,71.0,220.0,11.788215377374032,6.4840220404301,36.52686454960968,100.0,4,6,0,2
A2_sens_plus,129,A2,1,9.711417816813048,57.01156577421696,0.23519331577947986,242.4030019104442,7,Gotthard-West,139.0,10,93.11141781681305,9,0.0,93.11141781681305,103.11141781681305,7,139.0,152.0,32.6918708933477,24.319694880869264,35.74938399848094,100.0,7,15,0,8
A2_sens_plus,130,A2,1,9.786700125470514,23.647437482950888,0.20842278600612182,113.45898371330816,4,Knutwil-Süd,71.0,7,52.38670012547051,5,6.838143036386448,59.22484316185696,69.22484316185697,5,71.0,220.0,14.79801780643465,8.849419676516238,45.8530129213468,100.0,4,6,0,2
A2_sens_plus,131,A2,1,9.86198243412798,84.00960947014377,0.22351294275196334,375.8601557287484,7,Gotthard-West,139.0,10,93.26198243412797,9,0.0,93.26198243412797,103.26198243412797,8,139.0,152.0,31.068299042522906,52.94131042762086,33.973967298298426,100.0,7,19,0,12
A2_sens_plus,132,A2,1,9.937264742785445,56.484891176031596,0.17960328629100256,314.49809378494245,7,Gotthard-West,139.0,10,93.33726474278544,9,0.0,93.33726474278544,103.33726474278544,9,139.0,152.0,24.964856794449354,31.520034381582242,27.299699516232387,100.0,7,19,0,12
A2_sens_plus,133,A2,1,10.012547051442912,37.74958436278696,0.1871252637088277,201.7343014758627,7,Gotthard-West,139.0,10,93.4125470514429,9,5.031367628607285,98.44391468005018,108.44391468005018,0,139.0,152.0,26.01041165552705,11.739172707259911,28.44304008374181,100.0,7,12,0,5
A2_sens_plus,134,A2,1,10.087829360100377,57.27323931851334,0.19048549644265336,300.6698168002294,7,Gotthard-West,139.0,10,93.48782936010036,9,5.633626097867008,99.12145545796737,109.12145545796737,1,139.0,152.0,26.47748400552882,30.79575531298452,28.95379545928331,100.0,7,19,0,12
A2_sens_plus,135,A2,1,10.163111668757843,11.8243096823758,0.2260014971744035,52.319607746895045,3,Gunzgen-Süd,46.0,6,37.763111668757844,3,0.0,37.763111668757844,47.763111668757844,5,46.0,245.0,10.39606887002256,1.4282408123532395,55.37036680772886,100.0,3,3,1,0
A2_sens_plus,136,A2,1,10.238393977415308,86.68473705931562,0.2272352987674568,381.47566654257,11,San Gottardo-Sud Ambri-Piotta,185.0,6,121.23839397741531,12,14.956085319949807,136.19447929736512,146.19447929736512,2,185.0,106.0,42.0385302719795,44.64620678733612,24.08694166935042,100.0,11,19,0,8
A2_sens_plus,137,A2,1,10.313676286072774,48.58427495543202,0.17068135275140317,284.6489916575413,7,Gotthard-West,139.0,10,93.71367628607277,9,6.913425345043905,100.62710163111667,110.62710163111667,2,139.0,152.0,23.72470803244504,24.859566922986982,25.94356561821328,100.0,7,19,0,12
A2_sens_plus,138,A2,1,10.388958594730239,72.6188181800229,0.2441538856738099,297.43052411232884,7,Gotthard-West,139.0,10,93.78895859473023,9,7.289836888331237,101.07879548306147,111.07879548306147,3,139.0,152.0,33.93739010865958,38.68142807136332,37.11139062241911,100.0,7,19,0,12
A2_sens_plus,139,A2,1,10.464240903387704,16.618399993795087,0.16206553374436863,102.54123507844575,4,Knutwil-Süd,71.0,7,53.0642409033877,5,6.311166875784188,59.37540777917189,69.3754077791719,6,71.0,220.0,11.506652895850173,5.111747097944914,35.654417423761096,100.0,4,6,0,2
A2_sens_plus,140,A2,1,10.53952321204517,48.932666467052826,0.23961220824236304,204.21608241913282,11,San Gottardo-Sud Ambri-Piotta,185.0,6,121.53952321204517,12,14.956085319949807,136.49560853199498,146.49560853199498,3,185.0,106.0,44.32825852483716,4.604407942215666,25.39889407369048,100.0,11,12,0,1
A2_sens_plus,141,A2,1,10.614805520702635,49.25655954836167,0.16003956456498092,307.77739043623814,7,Gotthard-West,139.0,10,94.01480552070262,9,7.440401505646179,101.4552070263488,111.4552070263488,4,139.0,152.0,22.245499474532348,27.011060073829324,24.3260138138771,100.0,7,19,0,12
A2_sens_plus,142,A2,1,10.6900878293601,85.02611639799863,0.1764539811151311,481.860005995113,7,Gotthard-West,139.0,10,94.09008782936009,9,7.66624843161857,101.75633626097866,111.75633626097866,5,139.0,152.0,24.527103375003225,60.49901302299541,26.82100512949993,100.0,7,19,0,12
A2_sens_plus,143,A2,1,10.765370138017566,55.73824419008603,0.2346478536067957,237.5399703569749,7,Gotthard-West,139.0,10,94.16537013801755,9,8.72020075282309,102.88557089084064,112.88557089084064,6,139.0,152.0,32.6160516513446,23.12219253874143,35.666473748232946,100.0,7,15,0,8
A2_sens_plus,144,A2,1,10.840652446675032,47.8791520845563,0.16794920723460874,285.081143715515,7,Gotthard-West,139.0,10,94.24065244667503,9,8.870765370138017,103.11141781681305,113.11141781681305,7,139.0,152.0,23.344939805610615,24.534212278945688,25.528279499660528,100.0,7,19,0,12
A2_sens_plus,145,A2,1,10.915934755332497,31.358053047351486,0.191356793130997,163.8721705891294,7,Gotthard-West,139.0,10,94.31593475533249,9,8.94604767879548,103.26198243412797,113.26198243412797,8,139.0,152.0,26.59859424520858,4.759458802142905,29.086232555911543,100.0,7,10,0,3
A2_sens_plus,146,A2,1,10.991217063989962,36.52551978740418,0.1949859299944126,187.32387402747895,7,Gotthard-West,139.0,10,94.39121706398996,9,8.94604767879548,103.33726474278544,113.33726474278544,9,139.0,152.0,27.103044269223354,9.422475518180825,29.637861359150715,100.0,7,11,0,4
A2_sens_plus,147,A2,1,11.066499372647428,51.65379219772302,0.17452589730232096,295.966346520174,7,Gotthard-West,139.0,10,94.46649937264742,9,13.977415307402765,108.44391468005018,118.44391468005018,0,139.0,152.0,24.25909972502261,27.39469247270041,26.527936389952785,100.0,7,19,0,12
A2_sens_plus,148,A2,1,11.141781681304893,45.11291682440373,0.22102452013359866,204.10819938500558,11,San Gottardo-Sud Ambri-Piotta,185.0,6,122.14178168130489,12,14.956085319949821,137.0978670012547,147.0978670012547,4,185.0,106.0,40.889536224715755,4.223380599687978,23.42859913416146,100.0,11,12,0,1
A2_sens_plus,149,A2,1,11.217063989962359,11.728966390426434,0.2351334649402204,49.88216540511735,3,Gunzgen-Süd,46.0,6,38.817063989962364,3,0.06273525721455542,38.87979924717692,48.87979924717692,0,46.0,245.0,10.816139387250137,0.9128270031762966,57.607698910353996,100.0,3,3,1,0
A2_sens_plus,150,A2,1,11.292346298619824,76.10335393554863,0.23745751398555717,320.49250688347325,7,Gotthard-West,139.0,10,94.69234629861981,9,14.429109159347561,109.12145545796737,119.12145545796737,1,139.0,152.0,33.00659444399245,43.09675949155618,36.09354212580469,100.0,7,19,0,12
A2_sens_plus,151,A2,1,11.36762860727729,81.69286174718134,0.18393221457365608,444.14656745443165,4,Knutwil-Süd,71.0,7,53.967628607277284,5,8.933500627352572,62.901129234629856,72.90112923462985,0,71.0,220.0,13.059187234729581,68.63367451245176,40.46508720620434,100.0,4,19,0,15
A2_sens_plus,152,A2,1,11.442910915934755,21.21992711988886,0.20308503942878145,104.48788930772194,4,Knutwil-Süd,71.0,7,54.04291091593475,5,12.095357590966124,66.13826850690087,76.13826850690087,1,71.0,220.0,14.419037799443483,6.800889320445378,44.67870867433192,100.0,4,6,0,2
A2_sens_plus,153,A2,1,11.51819322459222,54.32289148312395,0.17484064038656513,310.69945387421586,4,Knutwil-Süd,71.0,7,54.11819322459222,5,12.170639899623595,66.28883312421581,76.28883312421581,2,71.0,220.0,12.413685467446124,41.90920601567783,38.46494088504433,100.0,4,19,0,15
A2_sens_plus,154,A2,1,11.593475533249686,18.686059290835484,0.17447965015501454,107.09592364630522,4,Knutwil-Süd,71.0,7,54.19347553324968,5,12.772898368883318,66.966373902133,76.966373902133,3,71.0,220.0,12.388055161006033,6.298004129829451,38.3855230341032,100.0,4,6,0,2
A2_sens_plus,155,A2,1,11.668757841907151,63.77920744318494,0.1661254062851924,383.9220554482394,11,San Gottardo-Sud Ambri-Piotta,185.0,6,122.66875784190715,12,14.880803011292343,137.5495608531995,147.5495608531995,5,185.0,106.0,30.733200162760593,33.04600728042435,17.609293066230393,100.0,11,19,0,8
A2_sens_plus,156,A2,1,11.744040150564617,32.498702707120664,0.24400190108075148,133.19036680933624,4,Knutwil-Süd,71.0,7,54.34404015056461,5,12.69761606022584,67.04165621079045,77.04165621079045,4,71.0,220.0,17.324134976733355,15.17456773038731,53.68041823776532,100.0,4,6,0,2
A2_sens_plus,157,A2,1,11.819322459222082,62.75381077535214,0.238798882860558,262.78938169068414,4,Knutwil-Süd,71.0,7,54.41932245922207,5,14.805520702634894,69.22484316185697,79.22484316185697,5,71.0,220.0,16.95472068309962,45.79909009225253,52.53575422932276,100.0,4,16,0,12
A2_sens_plus,158,A2,1,11.894604767879548,68.1595691429506,0.22773587133276924,299.2921964557589,4,Knutwil-Süd,71.0,7,54.494604767879544,5,14.88080301129235,69.3754077791719,79.3754077791719,6,71.0,220.0,16.169246864626615,51.99032227832399,50.10189169320923,100.0,4,19,0,15
A2_sens_plus,159,A2,1,11.969887076537013,71.49179935341256,0.2017661521287729,354.3299934063492,3,Gunzgen-Süd,46.0,6,39.569887076537015,3,3.1493099121706436,42.71919698870766,52.71919698870766,1,46.0,245.0,9.281242997923554,62.210556355489004,49.43270727154936,100.0,3,19,0,16
A2_sens_plus,160,A2,1,12.045169385194479,18.619275676471723,0.1990607915511872,93.53562563164981,3,Gunzgen-Süd,46.0,6,39.64516938519448,3,3.525721455457969,43.17089084065245,53.17089084065245,2,46.0,245.0,9.15679641135461,9.462479265117112,48.769893930040865,100.0,3,6,0,3
A2_sens_plus,161,A2,1,12.120451693851944,83.28094761100863,0.2029745666182498,410.30237925149333,3,Gunzgen-Süd,46.0,6,39.72045169385194,3,4.203262233375163,43.923713927227105,53.923713927227105,3,46.0,245.0,9.336830064439491,73.94411754656913,49.728768821471206,100.0,3,19,0,16
A2_sens_plus,162,A2,1,12.19573400250941,28.417119271590465,0.20365680135770892,139.5343493668929,3,Gunzgen-Süd,46.0,6,39.79573400250941,3,7.13927227101631,46.93500627352572,56.93500627352572,4,46.0,245.0,9.36821286245461,19.048906409135853,49.895916332638684,100.0,3,7,0,4
A2_sens_plus,163,A2,1,12.271016311166877,12.993004494094382,0.19345630846976902,67.16247506668809,3,Gunzgen-Süd,46.0,6,39.871016311166876,3,7.892095357590968,47.763111668757844,57.763111668757844,5,46.0,245.0,8.898990189609375,4.0940143044850075,47.396795575093414,100.0,3,3,1,0
A2_sens_plus,164,A2,1,12.346298619824342,54.38819755131867,0.16317548328920675,333.3110860466879,7,Gotthard-West,139.0,10,95.74629861982433,9,14.880803011292343,110.62710163111667,120.62710163111667,2,139.0,152.0,22.68139217719974,31.70680537411893,24.802673459959426,100.0,7,19,0,12
A2_sens_plus,165,A2,1,12.421580928481808,39.6737827089951,0.1625663852868536,244.04665601064718,3,Gunzgen-Süd,46.0,6,40.02158092848181,4,8.858218318695108,48.87979924717692,58.87979924717692,0,46.0,245.0,7.4780537231952655,32.19572898579983,39.82876439527913,100.0,3,16,0,13
A2_sens_plus,166,A2,1,12.496863237139273,76.38317945059305,0.24522497158456832,311.4820605627088,3,Gunzgen-Süd,46.0,6,40.096863237139274,4,12.622333751568384,52.71919698870766,62.71919698870766,1,46.0,245.0,11.280348692890144,65.1028307577029,60.08011803821924,100.0,3,19,0,16
A2_sens_plus,167,A2,1,12.572145545796738,74.66011776514415,0.19820307595863504,376.68496013011276,3,Gunzgen-Süd,46.0,6,40.17214554579674,4,12.99874529485571,53.17089084065245,63.17089084065245,2,46.0,245.0,9.117341494097213,65.54277627104693,48.55975360986559,100.0,3,19,0,16
A2_sens_plus,168,A2,1,12.647427854454204,35.371111425817226,0.2453205524905189,144.18323726539072,3,Gunzgen-Süd,46.0,6,40.2474278544542,4,13.676286072772903,53.923713927227105,63.923713927227105,3,46.0,245.0,11.284745414563869,24.086366011253357,60.10353536017713,100.0,3,7,0,4
A2_sens_plus,169,A2,1,12.72271016311167,86.2319516055796,0.16635768777101098,518.3526698464135,7,Gotthard-West,139.0,10,96.12271016311166,9,14.956085319949807,111.07879548306147,121.07879548306147,3,139.0,152.0,23.123718600170527,63.10823300540907,25.28636854119367,100.0,7,19,0,12
A2_sens_plus,170,A2,1,12.797992471769135,33.27342705120949,0.20544165520399335,161.96047008173989,2,Teufengraben,40.0,11,36.797992471769135,3,0.0,36.797992471769135,46.797992471769135,1,40.0,251.0,8.217666208159734,25.055760843049754,51.56585545620233,100.0,2,10,0,8
A2_sens_plus,171,A2,1,12.8732747804266,51.20457033853717,0.17077172533515392,299.84220302303487,2,Teufengraben,40.0,11,36.8732747804266,3,0.0,36.8732747804266,46.8732747804266,2,40.0,251.0,6.830869013406157,44.37370132513101,42.86370305912364,100.0,2,19,0,17
A2_sens_plus,172,A2,1,12.948557089084066,30.47720724540822,0.17531846061266015,173.83912189796737,2,Teufengraben,40.0,11,36.94855708908406,3,0.0,36.94855708908406,46.94855708908406,3,40.0,251.0,7.012738424506406,23.464468820901814,44.0049336137777,100.0,2,10,0,8
A2_sens_plus,173,A2,1,13.023839397741531,84.88348560391707,0.15300545787611788,554.7742334305726,2,Teufengraben,40.0,11,37.02383939774153,3,0.0,37.02383939774153,47.02383939774153,4,40.0,251.0,6.120218315044715,78.76326728887236,38.40436992690559,100.0,2,19,0,17
A2_sens_plus,174,A2,1,13.099121706398996,23.168625406561453,0.16189533107402113,143.10866936593982,7,Gotthard-West,139.0,10,96.499121706399,9,14.956085319949807,111.4552070263488,121.4552070263488,4,139.0,152.0,22.503451019288935,0.6651743872725184,24.60809032325121,100.0,7,7,1,0
A2_sens_plus,175,A2,1,13.174404015056462,13.592849551386319,0.24168484076291957,56.24204442644463,2,Teufengraben,40.0,11,37.17440401505646,3,0.0,37.17440401505646,47.17440401505646,5,40.0,251.0,9.667393630516782,3.9254559208695365,60.662895031492816,100.0,2,3,0,1
A2_sens_plus,176,A2,1,13.249686323713927,44.807764800243035,0.18215329914823317,245.98931235266434,2,Teufengraben,40.0,11,37.24968632371393,3,0.0,37.24968632371393,47.24968632371393,6,40.0,251.0,7.286131965929327,37.521632834313706,45.720478086206526,100.0,2,16,0,14
A2_sens_plus,177,A2,1,13.324968632371393,89.39004512446697,0.21081292119145917,424.02545640588795,2,Teufengraben,40.0,11,37.324968632371395,3,0.0,37.324968632371395,47.324968632371395,7,40.0,251.0,8.432516847658366,80.9575282768086,52.91404321905625,100.0,2,19,0,17
A2_sens_plus,178,A2,1,13.400250941028858,81.33418130039311,0.1965014131989273,413.9114318636214,7,Gotthard-West,139.0,10,96.80025094102885,9,14.956085319949807,111.75633626097866,121.75633626097866,5,139.0,152.0,27.313696434650897,54.02048486574222,29.86821480623695,100.0,7,19,0,12
A2_sens_plus,179,A2,1,13.475533249686324,69.88864155655594,0.19004512452452782,367.7476164222034,2,Teufengraben,40.0,11,37.47553324968632,3,0.0,37.47553324968632,47.47553324968632,8,40.0,251.0,7.601804980981113,62.286836575574824,47.70132625565648,100.0,2,19,0,17
A2_sens_plus,180,A2,1,13.550815558343789,81.263399270282,0.20318860913460682,399.9407231359473,2,Teufengraben,40.0,11,37.550815558343785,3,0.0,37.550815558343785,47.550815558343785,9,40.0,251.0,8.127544365384272,73.13585490489773,51.00034089278631,100.0,2,19,0,17
A2_sens_plus,181,A2,1,13.626097867001254,81.47573117582905,0.16872389446153416,482.8938511397624,2,Teufengraben,40.0,11,37.626097867001256,3,0.0,37.626097867001256,47.626097867001256,10,40.0,251.0,6.748955778461366,74.72677539736769,42.34969750984507,100.0,2,19,0,17
A2_sens_plus,182,A2,1,13.70138017565872,51.50866883091592,0.24886038985195766,206.9781730292935,2,Teufengraben,40.0,11,37.70138017565872,3,0.13801756587201908,37.83939774153074,47.83939774153074,0,40.0,251.0,9.954415594078306,41.55425323683762,62.463957852841375,100.0,2,12,0,10
A2_sens_plus,183,A2,1,13.776662484316185,35.27432414646344,0.2318307868703863,152.1554778062539,2,Teufengraben,40.0,11,37.776662484316184,3,9.021329987452951,46.797992471769135,56.797992471769135,1,40.0,251.0,9.273231474815452,26.00109267164799,58.18952750446696,100.0,2,8,0,6
A2_sens_plus,184,A2,1,13.85194479297365,71.76099456887904,0.22416146327315153,320.13082677567473,2,Teufengraben,40.0,11,37.851944792973654,3,9.021329987452944,46.8732747804266,56.8732747804266,2,40.0,251.0,8.966458530926062,62.79453603795298,56.26452728156104,100.0,2,19,0,17
A2_sens_plus,185,A2,1,13.927227101631116,62.932901053420885,0.19687592970139525,319.6576704367679,2,Teufengraben,40.0,11,37.92722710163112,3,9.021329987452944,46.94855708908406,56.94855708908406,3,40.0,251.0,7.87503718805581,55.05786386536508,49.41585835505021,100.0,2,19,0,17
A2_sens_plus,186,A2,1,14.002509410288582,39.892618309896804,0.16528771221263358,241.3525952768778,2,Teufengraben,40.0,11,38.00250941028858,3,9.021329987452951,47.02383939774153,57.02383939774153,4,40.0,251.0,6.6115084885053435,33.28110982139146,41.487215765371026,100.0,2,15,0,13
A2_sens_plus,187,A2,1,14.077791718946047,17.55733344492122,0.2420665858273568,72.53100788327393,2,Teufengraben,40.0,11,38.077791718946045,3,9.096612296110415,47.17440401505646,57.17440401505646,5,40.0,251.0,9.682663433094271,7.874670011826948,60.75871304266656,100.0,2,4,0,2
A2_sens_plus,188,A2,1,14.153074027603513,69.74316890792208,0.18413870673817276,378.75344159492795,2,Teufengraben,40.0,11,38.15307402760351,3,9.096612296110422,47.24968632371393,57.24968632371393,6,40.0,251.0,7.3655482695269106,62.37762063839517,46.21881539128136,100.0,2,19,0,17
A2_sens_plus,189,A2,1,14.228356336260978,30.996841273829176,0.15501066896969337,199.96585705910002,2,Teufengraben,40.0,11,38.22835633626098,3,9.096612296110415,47.324968632371395,57.324968632371395,7,40.0,251.0,6.200426758787735,24.79641451504144,38.90767791139304,100.0,2,11,0,9
A2_sens_plus,190,A2,1,14.303638644918443,84.94505204270234,0.18424036768106286,461.0555933635027,2,Teufengraben,40.0,11,38.30363864491844,3,9.171894604767878,47.47553324968632,57.47553324968632,8,40.0,251.0,7.369614707242515,77.57543733545982,46.244332287946776,100.0,2,19,0,17
A2_sens_plus,191,A2,1,14.378920953575909,29.27764600045478,0.22944570304958845,127.60163128497209,3,Gunzgen-Süd,46.0,6,41.97892095357591,4,14.956085319949814,56.93500627352572,66.93500627352572,4,46.0,245.0,10.554502340281068,18.72314366017371,56.21419724714917,100.0,3,6,0,3
A2_sens_plus,192,A2,1,14.454203262233376,19.820634592918882,0.21227087449882082,93.37425419156591,2,Teufengraben,40.0,11,38.45420326223338,3,9.096612296110408,47.550815558343785,57.550815558343785,9,40.0,251.0,8.490834979952833,11.329799612966049,53.27998949920403,100.0,2,6,0,4
A2_sens_plus,193,A2,1,14.529485570890841,76.4890137699925,0.22508385847448598,339.82451824133267,7,Gotthard-West,139.0,10,97.92948557089083,9,14.956085319949807,112.88557089084064,122.88557089084064,6,139.0,152.0,31.28665632795355,45.202357442038945,34.212746488121866,100.0,7,19,0,12
A2_sens_plus,194,A2,1,14.604767879548307,22.26274532995952,0.22936353838623774,97.06314040407797,2,Teufengraben,40.0,11,38.604767879548305,3,9.021329987452951,47.626097867001256,57.626097867001256,10,40.0,251.0,9.17454153544951,13.088203794510012,57.57024813494567,100.0,2,6,0,4
A2_sens_plus,195,A2,1,14.680050188205772,24.341464652619127,0.17119546110805425,142.18522205594815,2,Teufengraben,40.0,11,38.68005018820577,3,9.15934755332497,47.83939774153074,57.83939774153074,0,40.0,251.0,6.84781844432217,17.49364620829696,42.97006073812162,100.0,2,7,0,5
A2_sens_plus,196,A2,1,14.755332496863238,57.95062332166748,0.24237833160931802,239.0916008741089,7,Gotthard-West,139.0,10,98.15533249686322,9,14.956085319949821,113.11141781681305,123.11141781681305,7,139.0,152.0,33.690588093695204,24.260035227972274,36.84150640461634,100.0,7,15,0,8
A2_sens_plus,197,A2,1,14.830614805520703,79.96496326699716,0.19379896029203725,412.6181231648369,1,Mühlematt-West,28.0,5,31.630614805520704,3,0.0,31.630614805520704,41.63061480552071,0,28.0,263.0,5.426370888177043,74.53859237882011,50.9691265568058,100.0,1,19,0,18
A2_sens_plus,198,A2,1,14.905897114178169,25.71477325716586,0.21390136492641645,120.21790167637275,1,Mühlematt-West,28.0,5,31.70589711417817,3,0.0,31.70589711417817,41.70589711417817,1,28.0,263.0,5.98923821793966,19.725535039226198,56.25605897564753,100.0,1,6,0,5
A2_sens_plus,199,A2,1,14.981179422835634,34.82589383200758,0.1502308772586742,231.81581887485623,7,Gotthard-West,139.0,10,98.38117942283563,9,14.880803011292343,113.26198243412797,123.26198243412797,8,139.0,152.0,20.882091938955714,13.943801893051866,22.83509334331848,100.0,7,14,0,7
A2_sens_plus,200,A2,1,15.0564617314931,72.1923870592942,0.2493368498411178,289.5375757947394,19,Coldrerio-Ovest,283.0,7,184.8564617314931,18,14.943538268506899,199.8,209.8,0,283.0,8.0,70.56232850503635,1.6300585542578574,1.9946947987289425,100.0,19,19,1,0
A2_sens_plus,201,A2,1,15.131744040150565,87.74611408487739,0.1780896385964155,492.7075756705113,12,Lavorgo,201.0,1,135.73174404015055,13,14.943538268506927,150.67528230865747,160.67528230865747,0,201.0,90.0,35.796017357879514,51.95009672699788,16.028067473677396,100.0,12,19,0,7
A2_sens_plus,202,A2,1,15.20702634880803,50.05929489618738,0.15620631065401552,320.4690942804783,19,Coldrerio-Ovest,283.0,7,185.00702634880804,18,14.943538268506899,199.95056461731494,209.95056461731494,1,283.0,8.0,44.20638591508639,5.852908981100988,1.2496504852321242,100.0,19,19,1,0
A2_sens_plus,203,A2,1,15.282308657465496,21.511800204100062,0.1958262041536514,109.851489472886,3,Gunzgen-Süd,46.0,6,42.8823086574655,4,14.880803011292343,57.763111668757844,67.76311166875784,5,46.0,245.0,9.008005391067964,12.503794813032098,47.97742001764459,100.0,3,6,0,3
A2_sens_plus,204,A2,1,15.357590966122961,11.114903016656124,0.16290300571820418,68.23018990750303,1,Mühlematt-West,28.0,5,32.15759096612296,3,0.0,32.15759096612296,42.15759096612296,2,28.0,263.0,4.561284160109717,6.553618856546406,42.8434905038877,100.0,1,3,0,2
A2_sens_plus,205,A2,1,15.432873274780427,28.37248239990842,0.16523267101575756,171.7123025700084,7,Gotthard-West,139.0,10,98.83287327478041,9,14.504391468005025,113.33726474278544,123.33726474278544,9,139.0,152.0,22.9673412711903,5.405141128718121,25.115365994395148,100.0,7,10,0,3
A2_sens_plus,206,A2,1,15.508155583437892,20.54577742292168,0.21322828130302102,96.35578028096495,4,Knutwil-Süd,71.0,7,58.108155583437885,5,14.792973651191964,72.90112923462985,82.90112923462985,0,71.0,220.0,15.139207972514493,5.406569450407188,46.91022188666462,100.0,4,6,0,2
A2_sens_plus,207,A2,1,15.583437892095358,64.2126938890286,0.18929273915702333,339.22428390537726,19,Coldrerio-Ovest,283.0,7,185.38343789209537,18,14.642409033877044,200.02584692597242,210.02584692597242,2,283.0,8.0,53.5698451814376,10.642848707591,1.5143419132561866,100.0,19,19,1,0
A2_sens_plus,208,A2,1,15.658720200752823,19.74660037028249,0.2421852450154995,81.53510908155754,1,Mühlematt-West,28.0,5,32.45872020075282,3,0.0,32.45872020075282,42.45872020075282,3,28.0,263.0,6.781186860433986,12.965413509848503,63.69471943907637,100.0,1,5,0,4
A2_sens_plus,209,A2,1,15.734002509410288,50.50639452965064,0.181915649460807,277.6363368371562,17,Agno/Muzzano-Sud,263.0,1,173.53400250941027,17,14.943538268506899,188.47754077791717,198.47754077791717,0,263.0,28.0,47.84381580819224,2.6625787214584022,5.093638184902596,100.0,17,17,1,0
A2_sens_plus,210,A2,1,15.809284818067754,65.54099485143092,0.2226180128383901,294.41011540701567,19,Coldrerio-Ovest,283.0,7,185.60928481806778,18,14.567126725219566,200.17641154328734,210.17641154328734,3,283.0,8.0,63.0008976332644,2.5400972181665225,1.780944102707121,100.0,19,19,1,0
A2_sens_plus,211,A2,1,15.88456712672522,56.48932873767219,0.19610994301549076,288.0492843405196,19,Coldrerio-Ovest,283.0,7,185.68456712672523,18,14.567126725219566,200.2516938519448,210.2516938519448,4,283.0,8.0,55.499113873383884,0.9902148642883049,1.568879544123926,100.0,19,19,1,0
A2_sens_plus,212,A2,1,15.959849435382685,25.98205213280461,0.21599513011292787,120.2899904234902,6,Neuenkirch-West,86.0,3,67.55984943538269,6,14.642409033877044,82.20225846925973,92.20225846925973,0,86.0,205.0,18.575581189711798,7.406470943092813,44.27900167315021,100.0,6,6,1,0
A2_sens_plus,213,A2,1,16.03513174404015,74.32996209458102,0.20996953567159904,354.00355511971094,19,Coldrerio-Ovest,283.0,7,185.83513174404015,18,14.491844416562117,200.32697616060227,210.32697616060227,5,283.0,8.0,59.42137859506253,14.908583499518492,1.6797562853727923,100.0,19,19,1,0
A2_sens_plus,214,A2,1,16.110414052697617,67.23257036926414,0.19727839727589982,340.8004692740754,19,Coldrerio-Ovest,283.0,7,185.91041405269763,18,14.717691342534494,200.62810539523213,210.62810539523213,6,283.0,8.0,55.829786429079654,11.402783940184484,1.5782271782071986,100.0,19,19,1,0
A2_sens_plus,215,A2,1,16.18569636135508,69.11872031324334,0.24500610946244372,282.1101909046001,11,San Gottardo-Sud Ambri-Piotta,185.0,6,127.18569636135508,12,14.56712672521958,141.75282308657467,151.75282308657467,0,185.0,106.0,45.32613025055209,23.792590062691254,25.970647603019035,100.0,11,18,0,7
A2_sens_plus,216,A2,1,16.26097867001255,20.48462012458506,0.1842713642754956,111.16550965542021,6,Neuenkirch-West,86.0,3,67.86097867001254,6,14.86825595984945,82.72923462986199,92.72923462986199,1,86.0,205.0,15.847337327692621,4.637282796892439,37.7756296764766,100.0,6,6,1,0
A2_sens_plus,217,A2,1,16.336260978670012,19.90030429202757,0.16772355012492726,118.64943400735926,3,Gunzgen-Süd,46.0,6,43.93626097867001,4,14.943538268506906,58.87979924717692,68.87979924717692,0,46.0,245.0,7.715283305746654,12.185020986280916,41.09226978060718,100.0,3,6,0,3
A2_sens_plus,218,A2,1,16.41154328732748,84.20500408052061,0.21780940608798283,386.59948435149994,10,Wassen,158.0,1,111.21154328732749,11,14.642409033877044,125.85395232120453,135.85395232120453,0,158.0,133.0,34.41388616190129,49.79111791861932,28.968651009701716,100.0,10,19,0,9
A2_sens_plus,219,A2,1,16.486825595984943,41.80625550599525,0.23460075613079087,178.20170827875805,1,Mühlematt-West,28.0,5,33.28682559598494,3,0.0,33.28682559598494,43.28682559598494,4,28.0,263.0,6.568821171662145,35.23743433433311,61.699998862398,100.0,1,10,0,9
A2_sens_plus,220,A2,1,16.56210790464241,34.07589534247518,0.15402537399399238,221.23559553119006,1,Mühlematt-West,28.0,5,33.362107904642414,3,8.268506900878293,41.63061480552071,51.63061480552071,0,28.0,263.0,4.312710471831787,29.763184870643393,40.50867336042,100.0,1,13,0,12
A2_sens_plus,221,A2,1,16.637390213299874,49.08672362812267,0.19496326884226806,251.77421326391232,13,Bodio/Personico,212.0,1,143.83739021329987,14,14.943538268506899,158.78092848180677,168.78092848180677,0,212.0,79.0,41.33221299456083,7.754510633561843,15.402098238539176,100.0,13,16,0,3
A2_sens_plus,222,A2,1,16.71267252195734,63.0291370210866,0.23924876896873262,263.44602437358355,1,Mühlematt-West,28.0,5,33.51267252195734,3,8.19322459222083,41.70589711417817,51.70589711417817,1,28.0,263.0,6.6989655311245135,56.33017148996208,62.92242623877668,100.0,1,17,0,16
A2_sens_plus,223,A2,1,16.787954830614805,86.4498605637576,0.22496186189228676,384.2867401459825,18,Riva San Vitale-Nord,278.0,1,183.5879548306148,18,14.943538268506899,198.5314930991217,208.5314930991217,0,278.0,13.0,62.539397606055715,23.91046295770188,2.924504204599728,100.0,18,19,0,1
A2_sens_plus,224,A2,1,16.86323713927227,32.9156981505644,0.24918077164976282,132.09565863624988,1,Mühlematt-West,28.0,5,33.66323713927227,3,8.494353826850691,42.15759096612296,52.15759096612296,2,28.0,263.0,6.9770616061933595,25.938636544371043,65.53454294388762,100.0,1,6,0,5
A2_sens_plus,225,A2,1,16.938519447929735,83.98467434496217,0.20314138115972438,413.4296708307175,6,Neuenkirch-West,86.0,3,68.53851944792973,6,14.943538268506899,83.48205771643663,93.48205771643663,2,86.0,205.0,17.4701587797363,66.51451556522588,41.6439831377435,100.0,6,19,0,13
A2_sens_plus,226,A2,1,17.013801756587203,11.988759310900505,0.21599957188011512,55.50362533845461,1,Mühlematt-West,28.0,5,33.8138017565872,3,8.644918444165619,42.45872020075282,52.45872020075282,3,28.0,263.0,6.0479880126432235,5.940771298257282,56.80788740447028,100.0,1,3,0,2
A2_sens_plus,227,A2,1,17.089084065244666,54.41584338614597,0.1802480281137928,301.8942506921217,1,Mühlematt-West,28.0,5,33.88908406524467,3,9.397741530740277,43.28682559598494,53.28682559598494,4,28.0,263.0,5.046944787186199,49.368898598959774,47.40523139392751,100.0,1,19,0,18
A2_sens_plus,228,A2,1,17.164366373902133,60.71800893448681,0.24475355996659923,248.07814416580013,0,Sonnenberg-West,23.0,5,30.964366373902134,3,0.0,30.964366373902134,40.96436637390214,0,23.0,268.0,5.629331879231782,55.088677055255026,65.59395407104859,100.0,0,16,0,16
A2_sens_plus,229,A2,1,17.239648682559597,18.471792300060265,0.1866335488556536,98.97358976089956,0,Sonnenberg-West,23.0,5,31.039648682559598,3,0.0,31.039648682559598,41.0396486825596,1,23.0,268.0,4.2925716236800335,14.179220676380233,50.01779109331517,100.0,0,6,0,6
A2_sens_plus,230,A2,1,17.314930991217064,21.22716776511301,0.22385107126866285,94.82718865185356,0,Sonnenberg-West,23.0,5,31.114930991217065,3,0.0,31.114930991217065,41.114930991217065,2,23.0,268.0,5.1485746391792455,16.078593125933764,59.99208710000165,100.0,0,6,0,6
A2_sens_plus,231,A2,1,17.390213299874528,43.5291455453043,0.19031402041190817,228.72274702143085,0,Sonnenberg-West,23.0,5,31.19021329987453,3,0.0,31.19021329987453,41.19021329987453,3,23.0,268.0,4.377222469473888,39.15192307583042,51.00415747039139,100.0,0,14,0,14
A2_sens_plus,232,A2,1,17.465495608531995,87.29855297145454,0.20618189300629994,423.40552654052465,16,Sasso/Cadenazzo-Nord,243.0,1,163.265495608532,16,14.792973651191971,178.05846925972398,188.05846925972398,0,243.0,48.0,50.102200000530885,37.196352970923655,9.896730864302397,100.0,16,19,0,3
A2_sens_plus,233,A2,1,17.54077791718946,57.683404258749825,0.2219782535021546,259.8606095357441,11,San Gottardo-Sud Ambri-Piotta,185.0,6,128.54077791718947,12,14.94353826850687,143.48431618569634,153.48431618569634,1,185.0,106.0,41.0659768978986,16.617427360851224,23.52969487122839,100.0,11,16,0,5
A2_sens_plus,234,A2,1,17.616060225846926,84.6418577280169,0.20089341517513543,421.3271881222567,15,Bellinzona-Nord,233.0,10,157.41606022584693,15,14.943538268506899,172.35959849435383,182.35959849435383,0,233.0,58.0,46.808165735806554,37.83369199221035,11.651818080157854,100.0,15,19,0,4
A2_sens_plus,235,A2,1,17.69134253450439,74.34887324903767,0.24070863269095086,308.8749764305097,0,Sonnenberg-West,23.0,5,31.49134253450439,3,0.0,31.49134253450439,41.49134253450439,4,23.0,268.0,5.5362985518918695,68.81257469714579,64.50991356117483,100.0,0,19,0,19
A2_sens_plus,236,A2,1,17.766624843161857,47.39052812442332,0.19193009879278103,246.91556156384263,5,Inseli,79.0,1,65.16662484316186,6,14.943538268506899,80.11016311166875,90.11016311166875,0,79.0,212.0,15.1624778046297,32.22805031979362,40.68918094406958,100.0,5,16,0,11
A2_sens_plus,237,A2,1,17.841907151819324,72.781075940175,0.21470717981433252,338.97830525794365,14,Moleno-Sud,225.0,1,152.84190715181933,15,14.943538268506899,167.78544542032623,177.78544542032623,0,225.0,66.0,48.30911545822482,24.471960481950184,14.170673867745947,100.0,14,19,0,5
A2_sens_plus,238,A2,1,17.917189460476788,11.426942718159019,0.1842362433300054,62.02331588845409,2,Teufengraben,40.0,11,41.91718946047679,4,14.880803011292343,56.797992471769135,66.79799247176913,1,40.0,251.0,7.3694497332002165,4.057492984958802,46.24329707583136,100.0,2,3,0,1
A2_sens_plus,239,A2,1,17.992471769134255,18.731519741258793,0.1908156668231013,98.16552305751785,2,Teufengraben,40.0,11,41.992471769134255,4,14.880803011292343,56.8732747804266,66.8732747804266,2,40.0,251.0,7.632626672924053,11.09889306833474,47.894732372598426,100.0,2,6,0,4
A2_sens_plus,240,A2,1,18.06775407779172,76.35428919061891,0.19400501082335522,393.56864478176163,15,Bellinzona-Nord,233.0,10,157.86775407779174,15,14.86825595984942,172.73601003764117,182.73601003764117,1,233.0,58.0,45.20316752184177,31.151121668777144,11.252290627754602,100.0,15,19,0,4
A2_sens_plus,241,A2,1,18.143036386449186,73.74536706601293,0.16258070183122852,453.5923774186089,15,Bellinzona-Nord,233.0,10,157.9430363864492,15,14.86825595984945,172.81129234629864,182.81129234629864,2,233.0,58.0,37.88130352667625,35.864063539336684,9.429680706211254,100.0,15,19,0,4
A2_sens_plus,242,A2,1,18.21831869510665,28.611259357314694,0.15917236790590067,179.75016476621786,2,Teufengraben,40.0,11,42.218318695106646,4,14.730238393977416,56.94855708908406,66.94855708908406,3,40.0,251.0,6.366894716236027,22.24436464107867,39.95226434438107,100.0,2,10,0,8
A2_sens_plus,243,A2,1,18.293601003764117,52.46156724792428,0.2167489923146758,242.0383443894432,15,Bellinzona-Nord,233.0,10,158.09360100376412,15,14.792973651191971,172.8865746549561,182.8865746549561,3,233.0,58.0,50.502515209319455,1.959052038604824,12.571441554251196,100.0,15,15,1,0
A2_sens_plus,244,A2,1,18.36888331242158,58.48126565600087,0.21555177383430524,271.30960054615673,15,Bellinzona-Nord,233.0,10,158.1688833124216,15,14.792973651191971,172.96185696361357,182.96185696361357,4,233.0,58.0,50.22356330339312,8.257702352607751,12.502002882389704,100.0,15,17,0,2
A2_sens_plus,245,A2,1,18.444165621079048,79.4191163020809,0.21629097142100953,367.18646081390006,15,Bellinzona-Nord,233.0,10,158.24416562107905,15,14.86825595984945,173.1124215809285,183.1124215809285,5,233.0,58.0,50.39579634109522,29.023319960985674,12.544876342418553,100.0,15,19,0,4
A2_sens_plus,246,A2,1,18.51944792973651,58.24857258709805,0.15197664453426915,383.27318493970046,15,Bellinzona-Nord,233.0,10,158.31944792973653,15,14.86825595984942,173.18770388958595,183.18770388958595,6,233.0,58.0,35.41055817648471,22.83801441061334,8.81464538298761,100.0,15,19,0,4
A2_sens_plus,247,A2,1,18.59473023839398,43.00572554189443,0.18265468426717799,235.44824877848652,15,Bellinzona-Nord,233.0,10,158.394730238394,15,14.86825595984942,173.26298619824342,183.26298619824342,7,233.0,58.0,42.55854143425247,0.44718410764195937,10.593971687496323,100.0,15,15,1,0
A2_sens_plus,248,A2,1,18.670012547051442,39.93472347257462,0.16978098472591968,235.21316911338403,15,Bellinzona-Nord,233.0,10,158.47001254705145,15,14.943538268506899,173.41355081555835,183.41355081555835,8,233.0,58.0,39.55896944113928,0.3757540314353349,9.847297114103341,100.0,15,15,1,0
A2_sens_plus,249,A2,1,18.74529485570891,44.07056690988079,0.22781514225440125,193.44880447265078,8,Amsteg,148.0,1,107.5452948557089,10,14.491844416562117,122.03713927227102,132.03713927227102,0,148.0,143.0,33.71664105365139,10.353925856229402,32.57756534237938,100.0,8,11,0,3
A2_sens_plus,250,A2,1,18.820577164366373,62.15448204639793,0.23606304013961302,263.29611789138346,9,Wiler,156.0,1,112.42057716436638,11,14.943538268506899,127.36411543287328,137.3641154328733,0,156.0,135.0,36.82583426177963,25.328647784618298,31.86851041884776,100.0,9,17,0,8
A2_sens_plus,251,A2,1,18.89585947302384,79.39925054018599,0.17466803772261472,454.57229368018466,4,Knutwil-Süd,71.0,7,61.495859473023835,6,14.642409033877037,76.13826850690087,86.13826850690087,1,71.0,220.0,12.401430678305644,66.99781986188034,38.42696829897524,100.0,4,19,0,15
A2_sens_plus,252,A2,1,18.971141781681304,46.31175056610398,0.21678491588479865,213.62994919219582,4,Knutwil-Süd,71.0,7,61.5711417816813,6,14.717691342534515,76.28883312421581,86.28883312421581,2,71.0,220.0,15.391729027820704,30.92002153828328,47.6926814946557,100.0,4,13,0,9
A2_sens_plus,253,A2,1,19.04642409033877,29.82716503610865,0.16293628034582744,183.06030414344414,2,Teufengraben,40.0,11,43.046424090338775,4,13.977415307402758,57.02383939774153,67.02383939774154,4,40.0,251.0,6.517451213833097,23.30971382227555,40.897006366802685,100.0,2,10,0,8
A2_sens_plus,254,A2,1,19.121706398996235,28.932989039806493,0.17751525256017134,162.98874954420742,2,Teufengraben,40.0,11,43.12170639899624,4,14.052697616060222,57.17440401505646,67.17440401505647,5,40.0,251.0,7.100610102406853,21.83237893739964,44.55632839260301,100.0,2,10,0,8
A2_sens_plus,255,A2,1,19.196988707653702,69.68114241947572,0.16386544962334196,425.2338890208002,15,Bellinzona-Nord,233.0,10,158.9969887076537,15,14.717691342534494,173.7146800501882,183.7146800501882,9,233.0,58.0,38.18064976223867,31.500492657237047,9.504196078153834,100.0,15,19,0,4
A2_sens_plus,256,A2,1,19.272271016311166,75.32550107391283,0.17835207665992292,422.3415980602319,2,Teufengraben,40.0,11,43.272271016311166,4,13.977415307402765,57.24968632371393,67.24968632371393,6,40.0,251.0,7.134083066396917,68.19141800751592,44.766371241640655,100.0,2,19,0,17
A2_sens_plus,257,A2,1,19.347553324968633,18.422246388329995,0.2174736547349278,84.7102441478915,2,Teufengraben,40.0,11,43.34755332496863,4,13.977415307402765,57.324968632371395,67.3249686323714,7,40.0,251.0,8.698946189397113,9.723300198932883,54.585887338466875,100.0,2,5,0,3
A2_sens_plus,258,A2,1,19.422835633626097,15.324708556414253,0.24103269101852526,63.57937793274867,2,Teufengraben,40.0,11,43.42283563362609,4,14.052697616060229,57.47553324968632,67.47553324968632,8,40.0,251.0,9.64130764074101,5.683400915673243,60.49920544564984,100.0,2,3,0,1
A2_sens_plus,259,A2,1,19.498117942283564,57.55469310051615,0.1702522407924186,338.05542195882265,4,Knutwil-Süd,71.0,7,62.09811794228356,6,14.868255959849442,76.966373902133,86.966373902133,3,71.0,220.0,12.08790909626172,45.46678400425443,37.455492974332095,100.0,4,19,0,15
A2_sens_plus,260,A2,1,19.573400250941027,21.69385953541586,0.20420790349507192,106.23418175359403,4,Knutwil-Süd,71.0,7,62.17340025094102,6,14.868255959849428,77.04165621079045,87.04165621079045,4,71.0,220.0,14.498761148150107,7.1950983872657535,44.92573876891582,100.0,4,6,0,2
A2_sens_plus,261,A2,1,19.648682559598495,75.9731352365073,0.22013911012434323,345.11421070792323,2,Teufengraben,40.0,11,43.6486825595985,4,13.902132998745287,57.550815558343785,67.55081555834379,9,40.0,251.0,8.80556440497373,67.16757083153357,55.25491664121015,100.0,2,19,0,17
A2_sens_plus,262,A2,1,19.72396486825596,34.826773913925955,0.24529224684855658,141.98073669824552,2,Teufengraben,40.0,11,43.72396486825596,4,13.902132998745294,57.626097867001256,67.62609786700125,10,40.0,251.0,9.811689873942264,25.01508403998369,61.5683539589877,100.0,2,7,0,5
A2_sens_plus,263,A2,1,19.799247176913426,21.50975463769141,0.21100604828871738,101.93904303757131,2,Teufengraben,40.0,11,43.799247176913426,4,14.040150564617313,57.83939774153074,67.83939774153075,0,40.0,251.0,8.440241931548695,13.069512706142717,52.96251812046806,100.0,2,6,0,4
A2_sens_plus,264,A2,1,19.87452948557089,83.67763779899602,0.17551069310273806,476.76660788989045,1,Mühlematt-West,28.0,5,36.674529485570886,3,14.956085319949821,51.63061480552071,61.63061480552071,0,28.0,263.0,4.914299406876665,78.76333839211935,46.15931228602011,100.0,1,19,0,18
A2_sens_plus,265,A2,1,19.949811794228356,23.242537818822253,0.21254781569139364,109.35204270727012,1,Mühlematt-West,28.0,5,36.74981179422836,3,14.956085319949814,51.70589711417817,61.70589711417817,1,28.0,263.0,5.951338839359022,17.291198979463232,55.900075526836524,100.0,1,6,0,5
A2_sens_plus,266,A2,1,20.025094102885824,32.777606587034846,0.18204911616780162,180.04815006529597,0,Sonnenberg-West,23.0,5,33.82509410288583,3,7.13927227101631,40.96436637390214,50.96436637390214,0,23.0,268.0,4.187129671859437,28.590476915175408,48.789163132970835,100.0,0,10,0,10
A2_sens_plus,267,A2,1,20.100376411543287,22.28907161536469,0.24761283906917078,90.01581541229461,0,Sonnenberg-West,23.0,5,33.90037641154329,3,7.13927227101631,41.0396486825596,51.0396486825596,1,23.0,268.0,5.695095298590928,16.593976316773762,66.36024087053777,100.0,0,6,0,6
A2_sens_plus,268,A2,1,20.175658720200754,19.2392050932284,0.18996761351636368,101.27623723383327,3,Gunzgen-Süd,46.0,6,47.77565872020075,4,14.943538268506906,62.71919698870766,72.71919698870767,1,46.0,245.0,8.73851022175273,10.50069487147567,46.5420653115091,100.0,3,6,0,3
A2_sens_plus,269,A2,1,20.250941028858218,11.691841306915203,0.21854277207610143,53.499098578487164,0,Sonnenberg-West,23.0,5,34.05094102885822,3,7.063989962358846,41.114930991217065,51.114930991217065,2,23.0,268.0,5.0264837577503325,6.66535754916487,58.56946291639518,100.0,0,3,0,3
A2_sens_plus,270,A2,1,20.326223337515685,14.431632733140809,0.15232275823467584,94.74377237120888,0,Sonnenberg-West,23.0,5,34.12622333751568,3,7.063989962358846,41.19021329987453,51.19021329987453,3,23.0,268.0,3.5034234393975443,10.928209293743265,40.82249920689313,100.0,0,6,0,6
A2_sens_plus,271,A2,1,20.40150564617315,23.971317674868217,0.19000614461347554,126.16074982013046,1,Mühlematt-West,28.0,5,37.201505646173146,3,14.956085319949814,52.15759096612296,62.15759096612296,2,28.0,263.0,5.320172049177315,18.6511456256909,49.97161603334406,100.0,1,6,0,5
A2_sens_plus,272,A2,1,20.476787954830616,14.270554610174031,0.23751076133225116,60.08382327658455,0,Sonnenberg-West,23.0,5,34.27678795483062,3,7.214554579673774,41.49134253450439,51.49134253450439,4,23.0,268.0,5.462747510641776,8.807807099532255,63.65288403704331,100.0,0,3,0,3
A2_sens_plus,273,A2,1,20.55207026348808,57.2915052888777,0.21102274444332458,271.4944563914757,11,San Gottardo-Sud Ambri-Piotta,185.0,6,131.55207026348808,13,14.642409033877044,146.19447929736512,156.19447929736512,2,185.0,106.0,39.03920772201505,18.25229756686265,22.368410910992406,100.0,11,17,0,6
A2_sens_plus,274,A2,1,20.627352572145547,64.45716214396052,0.19439428863959762,331.57950573055444,11,San Gottardo-Sud Ambri-Piotta,185.0,6,131.62735257214555,13,14.86825595984942,146.49560853199498,156.49560853199498,3,185.0,106.0,35.962943398325564,28.494218745634953,20.60579459579735,100.0,11,19,0,8
A2_sens_plus,275,A2,1,20.70263488080301,41.49043654656226,0.24359374994357258,170.32635917864616,7,Gotthard-West,139.0,10,104.10263488080301,10,14.341279799247175,118.44391468005018,128.44391468005017,0,139.0,152.0,33.859531242156585,7.6309053044056725,37.02624999142303,100.0,7,10,0,3
A2_sens_plus,276,A2,1,20.777917189460478,35.43928775616395,0.2353984376147229,150.5502250366143,7,Gotthard-West,139.0,10,104.17791718946047,10,14.943538268506899,119.12145545796737,129.1214554579674,1,139.0,152.0,32.72038282844648,2.7189049277174675,35.78056251743788,100.0,7,8,0,1
A2_sens_plus,277,A2,1,20.85319949811794,50.36209896177841,0.1822215673822938,276.37836555384615,3,Gunzgen-Süd,46.0,6,48.45319949811794,4,14.717691342534508,63.17089084065245,73.17089084065245,2,46.0,245.0,8.382192099585515,41.97990686219289,44.644284008661984,100.0,3,17,0,14
A2_sens_plus,278,A2,1,20.92848180677541,80.00039537876869,0.20445484020413396,391.28638529121565,1,Mühlematt-West,28.0,5,37.728481806775406,3,14.730238393977416,52.45872020075282,62.45872020075282,3,28.0,263.0,5.724735525715751,74.27565985305293,53.77162297368723,100.0,1,19,0,18
A2_sens_plus,284,A2,1,21.3801756587202,55.69861213942182,0.24238744994985062,229.79165031417975,11,San Gottardo-Sud Ambri-Piotta,185.0,6,132.3801756587202,13,14.717691342534522,147.0978670012547,157.0978670012547,4,185.0,106.0,44.841678240722366,10.856933898699452,25.693069694684166,100.0,11,14,0,3
A2_sens_plus,285,A2,1,21.455457967377665,43.300994056255384,0.2343322885761979,184.78458226713894,3,Gunzgen-Süd,46.0,6,49.05545796737766,4,14.868255959849442,63.923713927227105,73.92371392722711,3,46.0,245.0,10.779285274505103,32.52170878175028,57.411410701168485,100.0,3,10,0,7
A2_sens_plus,286,A2,1,21.530740276035132,13.940329594207519,0.24782044307645612,56.25173380029318,1,Mühlematt-West,28.0,5,38.33074027603513,3,14.956085319949814,53.28682559598494,63.28682559598494,4,28.0,263.0,6.938972406140771,7.001357188066748,65.17677652910795,100.0,1,3,0,2
A2_sens_plus,288,A2,1,21.681304893350063,51.90023589741098,0.22646672285619995,229.173784310758,11,San Gottardo-Sud Ambri-Piotta,185.0,6,132.68130489335007,13,14.86825595984942,147.5495608531995,157.5495608531995,5,185.0,106.0,41.89634372839699,10.003892169013987,24.005472622757196,100.0,11,14,0,3
A2_sens_plus,289,A2,1,21.756587202007527,18.133752232297276,0.22625900919626407,80.14598975180475,4,Knutwil-Süd,71.0,7,64.35658720200752,6,14.86825595984945,79.22484316185697,89.22484316185697,5,71.0,220.0,16.06438965293475,2.069362579362526,49.77698202317809,100.0,4,5,0,1
A2_sens_plus,290,A2,1,21.831869510664994,76.67668430308478,0.19806076309423065,387.1371750022219,4,Knutwil-Süd,71.0,7,64.431869510665,6,14.943538268506899,79.3754077791719,89.3754077791719,6,71.0,220.0,14.062314179690377,62.61437012339441,43.57336788073074,100.0,4,19,0,15
A2_sens_plus,295,A2,1,22.20828105395232,82.21225151420937,0.17578084097023544,467.6974524665642,0,Sonnenberg-West,23.0,5,36.00828105395232,3,14.956085319949821,50.96436637390214,60.96436637390214,0,23.0,268.0,4.042959342315415,78.16929217189396,47.109265380023096,100.0,0,19,0,19
A2_sens_plus,296,A2,1,22.283563362609787,88.36565444692741,0.20859613740960548,423.6207608840332,7,Gotthard-West,139.0,10,105.68356336260977,10,14.943538268506899,120.62710163111667,130.62710163111666,2,139.0,152.0,28.99486309993516,59.37079134699225,31.706612886260032,100.0,7,19,0,12
A2_sens_plus,297,A2,1,22.358845671267254,74.16207042188748,0.1909982388225043,388.28667153735745,0,Sonnenberg-West,23.0,5,36.15884567126726,3,14.880803011292343,51.0396486825596,61.0396486825596,1,23.0,268.0,4.392959492917599,69.76911092896988,51.18752800443115,100.0,0,19,0,19
A2_sens_plus,298,A2,1,22.434127979924718,72.35820326170631,0.17188566087946322,420.9670713163696,0,Sonnenberg-West,23.0,5,36.23412797992472,3,14.880803011292343,51.114930991217065,61.114930991217065,2,23.0,268.0,3.953370200227654,68.40483306147866,46.065357115696145,100.0,0,19,0,19
A2_sens_plus,299,A2,1,22.509410288582185,61.39866207964381,0.2316056016752831,265.10007372674124,0,Sonnenberg-West,23.0,5,36.309410288582185,3,14.880803011292343,51.19021329987453,61.19021329987453,3,23.0,268.0,5.3269288385315114,56.0717332411123,62.07030124897587,100.0,0,17,0,17
A2_sens_plus,302,A2,1,22.73525721455458,52.88544287581098,0.15075070327999998,350.8139048451608,7,Gotthard-West,139.0,10,106.13525721455457,10,14.943538268506899,121.07879548306147,131.07879548306147,3,139.0,152.0,20.954347755919997,31.931095119890983,22.914106898559996,100.0,7,19,0,12
A2_sens_plus,303,A2,1,22.810539523212046,51.13782961523316,0.18361299685293736,278.5087683972142,0,Sonnenberg-West,23.0,5,36.61053952321205,3,14.880803011292343,51.49134253450439,61.49134253450439,4,23.0,268.0,4.223098927617559,46.9147306876156,49.208283156587214,100.0,0,18,0,18
A2_sens_plus,307,A2,1,23.111668757841908,61.165061698968806,0.2274335901183051,268.9359195673441,7,Gotthard-West,139.0,10,106.5116687578419,10,14.943538268506899,121.4552070263488,131.4552070263488,4,139.0,152.0,31.61326902644441,29.551792672524396,34.56990569798238,100.0,7,17,0,10
A2_sens_plus,311,A2,1,23.41279799247177,43.3511494875908,0.16925908232309098,256.1230327648815,7,Gotthard-West,139.0,10,106.81279799247176,10,14.943538268506899,121.75633626097866,131.75633626097866,5,139.0,152.0,23.527012442909644,19.82413704468116,25.72738051310983,100.0,7,16,0,9
A2_sens_plus,324,A2,1,24.39146800501882,77.88483910188997,0.2332529284924007,333.90722939809706,3,Gunzgen-Süd,46.0,6,51.99146800501882,5,14.943538268506899,66.93500627352572,76.93500627352572,4,46.0,245.0,10.729634710650432,67.15520439123954,57.146967480638175,100.0,3,19,0,16
A2_sens_plus,326,A2,1,24.542032622333753,74.35134623576619,0.19234953946796537,386.54288667090333,7,Gotthard-West,139.0,10,107.94203262233374,10,14.943538268506899,122.88557089084064,132.88557089084065,6,139.0,152.0,26.73658598604719,47.614760249719,29.237129999130737,100.0,7,19,0,12
A2_sens_plus,329,A2,1,24.767879548306148,33.05244913459694,0.21861629156151505,151.18932307611908,7,Gotthard-West,139.0,10,108.16787954830613,10,14.943538268506913,123.11141781681305,133.11141781681306,7,139.0,152.0,30.387664527050593,2.6647846075463484,33.22967631735029,100.0,7,8,0,1
A2_sens_plus,332,A2,1,24.993726474278546,65.58385030547986,0.2499421909224188,262.3960767225445,7,Gotthard-West,139.0,10,108.39372647427854,10,14.868255959849435,123.26198243412797,133.26198243412796,8,139.0,152.0,34.74196453821621,30.841885767263648,37.99121302020765,100.0,7,16,0,9
A2_sens_plus,333,A2,1,25.06900878293601,78.85752546607152,0.20164594026356408,391.0692442555487,19,Coldrerio-Ovest,283.0,7,194.86900878293602,19,14.93099121706399,209.8,219.8,0,283.0,8.0,57.065801094588636,21.791724371482886,1.6131675221085127,100.0,19,19,1,0
A2_sens_plus,335,A2,1,25.21957340025094,59.15037924335358,0.22278432989687183,265.50511551119706,12,Lavorgo,201.0,1,145.81957340025093,14,14.855708908406541,160.67528230865747,170.67528230865747,0,201.0,90.0,44.77965030927124,14.370728934082344,20.050589690718464,100.0,12,17,0,5
A2_sens_plus,336,A2,1,25.294855708908408,17.60765985839477,0.2476664078216589,71.09425946482736,3,Gunzgen-Süd,46.0,6,52.89485570890841,5,14.868255959849435,67.76311166875784,77.76311166875784,5,46.0,245.0,11.39265475979631,6.215005098598459,60.678269916306434,100.0,3,4,0,1
A2_sens_plus,337,A2,1,25.37013801756587,68.05725026171415,0.18183263876290204,374.28511583366713,19,Coldrerio-Ovest,283.0,7,195.17013801756588,19,14.780426599749063,209.95056461731494,219.95056461731494,1,283.0,8.0,51.458636769901275,16.59861349181287,1.4546611101032163,100.0,19,19,1,0
A2_sens_plus,338,A2,1,25.44542032622334,16.75945750588162,0.19612088858375737,85.45472961552566,4,Knutwil-Süd,71.0,7,68.04542032622334,6,14.855708908406513,82.90112923462985,92.90112923462985,0,71.0,220.0,13.924583089446774,2.8348744164348467,43.14659548842662,100.0,4,5,0,1
A2_sens_plus,339,A2,1,25.520702634880802,84.87518581605008,0.1924776924815456,440.9611561827496,19,Coldrerio-Ovest,283.0,7,195.3207026348808,19,14.705144291091614,210.02584692597242,220.02584692597242,2,283.0,8.0,54.4711869722774,30.403998843772676,1.5398215398523647,100.0,19,19,1,0
A2_sens_plus,341,A2,1,25.671267252195733,86.71041967272643,0.2172264431223445,399.1706461993216,19,Coldrerio-Ovest,283.0,7,195.47126725219573,19,14.705144291091614,210.17641154328734,220.17641154328734,3,283.0,8.0,61.475083403623486,25.235336269102945,1.737811544978756,100.0,19,19,1,0
A2_sens_plus,342,A2,1,25.7465495608532,74.07073408680773,0.18533376950684677,399.66129369678276,19,Coldrerio-Ovest,283.0,7,195.5465495608532,19,14.705144291091585,210.2516938519448,220.2516938519448,4,283.0,8.0,52.449456770437635,21.621277316370097,1.4826701560547741,100.0,19,19,1,0
A2_sens_plus,343,A2,1,25.821831869510664,57.49456035730833,0.22874638746315024,251.34630974913378,11,San Gottardo-Sud Ambri-Piotta,185.0,6,136.82183186951067,13,14.93099121706399,151.75282308657467,161.75282308657467,0,185.0,106.0,42.318081680682795,15.176478676625536,24.247117071093925,100.0,11,16,0,5
A2_sens_plus,344,A2,1,25.89711417816813,72.60992837036375,0.2332120075281986,311.3472978512232,19,Coldrerio-Ovest,283.0,7,195.69711417816814,19,14.629861982434136,210.32697616060227,220.32697616060227,5,283.0,8.0,65.9989981304802,6.610930239883544,1.8656960602255888,100.0,19,19,1,0
A2_sens_plus,345,A2,1,25.972396486825595,73.60918711864687,0.23212307865978454,317.1127470118279,19,Coldrerio-Ovest,283.0,7,195.7723964868256,19,14.855708908406513,210.62810539523213,220.62810539523213,6,283.0,8.0,65.69083126071902,7.91835585792785,1.8569846292782763,100.0,19,19,1,0
A2_sens_plus,346,A2,1,26.047678795483062,85.68216502538642,0.191666599803988,447.0375386896368,17,Agno/Muzzano-Sud,263.0,1,183.84767879548303,18,14.629861982434136,198.47754077791717,208.47754077791717,0,263.0,28.0,50.40831574844885,35.273849276937575,5.366664794511665,100.0,17,19,0,2
A2_sens_plus,347,A2,1,26.122961104140526,30.270668307134976,0.18215456822408996,166.18121962165358,10,Wassen,158.0,1,120.92296110414054,12,14.93099121706399,135.85395232120453,145.85395232120453,0,158.0,133.0,28.780421779406215,1.490246527728761,24.226557573803966,100.0,10,10,1,0
A2_sens_plus,348,A2,1,26.198243412797993,57.20607162866473,0.22488207796670548,254.382528594094,7,Gotthard-West,139.0,10,109.59824341279798,10,13.739021329987452,123.33726474278544,133.33726474278544,9,139.0,152.0,31.258608837372062,25.94746279129267,34.182075850939235,100.0,7,16,0,9
A2_sens_plus,350,A2,1,26.348808030112924,59.293256001929706,0.1991257446391366,297.7679059499978,6,Neuenkirch-West,86.0,3,77.94880803011293,7,14.253450439146803,92.20225846925973,102.20225846925973,0,86.0,205.0,17.12481403896575,42.16844196296395,40.820777651023,100.0,6,19,0,13
A2_sens_plus,351,A2,1,26.424090338770387,23.703304327423105,0.2393031019536303,99.05138769164843,6,Neuenkirch-West,86.0,3,78.02409033877039,7,14.7051442910916,92.72923462986199,102.72923462986199,1,86.0,205.0,20.580066768012205,3.1232375594108994,49.05713590049421,100.0,6,6,1,0
A2_sens_plus,352,A2,1,26.499372647427855,55.19604891779535,0.16439086960785582,335.7610373949727,3,Gunzgen-Süd,46.0,6,54.099372647427856,5,14.780426599749063,68.87979924717692,78.87979924717692,0,46.0,245.0,7.561980001961367,47.634068915833986,40.27576305392468,100.0,3,19,0,16
A2_sens_plus,354,A2,1,26.649937264742785,47.27881223849819,0.1596095232971881,296.2154842757501,13,Bodio/Personico,212.0,1,153.84993726474278,15,14.93099121706399,168.78092848180677,178.78092848180677,0,212.0,79.0,33.83721893900388,13.441593299494308,12.609152340477861,100.0,13,19,0,6
A2_sens_plus,356,A2,1,26.800501882057716,71.11387120052703,0.20338400132739604,349.6532211796342,18,Riva San Vitale-Nord,278.0,1,193.6005018820577,19,14.93099121706399,208.5314930991217,218.5314930991217,0,278.0,13.0,56.5407523690161,14.573118831510932,2.6439920172561484,100.0,18,19,0,1
A2_sens_plus,358,A2,1,26.951066499372647,49.37225724603433,0.15528071014001102,317.9548651053769,6,Neuenkirch-West,86.0,3,78.55106649937265,7,14.930991217063976,93.48205771643663,103.48205771643663,2,86.0,205.0,13.354141072040948,36.018116173993384,31.83254557870226,100.0,6,19,0,13
A2_sens_plus,364,A2,1,27.40276035131744,62.62906280324223,0.23231273174161865,269.5894552731579,16,Sasso/Cadenazzo-Nord,243.0,1,173.20276035131747,17,14.855708908406513,188.05846925972398,198.05846925972398,0,243.0,48.0,56.451993813213335,6.177068990028893,11.151011123597694,100.0,16,17,0,1
A2_sens_plus,366,A2,1,27.55332496863237,71.94571329134746,0.1646863734821404,436.8650044938277,11,San Gottardo-Sud Ambri-Piotta,185.0,6,138.55332496863238,13,14.930991217063962,153.48431618569634,163.48431618569634,1,185.0,106.0,30.466979094195974,41.47873419715148,17.456755589106884,100.0,11,19,0,8
A2_sens_plus,367,A2,1,27.628607277289838,63.698513064687404,0.2360800973620536,269.8173788322319,15,Bellinzona-Nord,233.0,10,167.42860727728984,16,14.93099121706399,182.35959849435383,192.35959849435383,0,233.0,58.0,55.006662685358485,8.691850379328919,13.69264564699911,100.0,15,17,0,2
A2_sens_plus,369,A2,1,27.77917189460477,81.86932378892286,0.20389417662641868,401.528504361978,5,Inseli,79.0,1,75.17917189460478,7,14.930991217063976,90.11016311166875,100.11016311166875,0,79.0,212.0,16.107639953487077,65.76168383543578,43.22556544480076,100.0,5,19,0,14
A2_sens_plus,370,A2,1,27.854454203262232,71.00257176565219,0.23191998792939802,306.1511532471581,14,Moleno-Sud,225.0,1,162.85445420326224,16,14.93099121706399,177.78544542032623,187.78544542032623,0,225.0,66.0,52.18199728411456,18.820574481537633,15.30671920334027,100.0,14,19,0,5
A2_sens_plus,371,A2,1,27.9297365119197,31.642795272814055,0.15927560774244948,198.66692534603808,2,Teufengraben,40.0,11,51.9297365119197,5,14.868255959849435,66.79799247176913,76.79799247176913,1,40.0,251.0,6.3710243096979795,25.271770963116076,39.97817754335482,100.0,2,11,0,9
A2_sens_plus,372,A2,1,28.005018820577163,39.13536142176432,0.18944815179387545,206.57557780951393,2,Teufengraben,40.0,11,52.00501882057716,5,14.868255959849435,66.8732747804266,76.8732747804266,2,40.0,251.0,7.577926071755018,31.557435350009307,47.551486100262736,100.0,2,12,0,10
A2_sens_plus,373,A2,1,28.08030112923463,35.15519841634103,0.2237797556106373,157.09731347418605,2,Teufengraben,40.0,11,52.08030112923463,5,14.868255959849435,66.94855708908406,76.94855708908406,3,40.0,251.0,8.951190224425492,26.204008191915538,56.16871865826996,100.0,2,9,0,7
A2_sens_plus,374,A2,1,28.155583437892094,22.608931889999972,0.17574519593239632,128.64608770698302,2,Teufengraben,40.0,11,52.15558343789209,5,14.86825595984945,67.02383939774154,77.02383939774154,4,40.0,251.0,7.029807837295853,15.57912405270412,44.11204417903148,100.0,2,6,0,4
A2_sens_plus,375,A2,1,28.23086574654956,21.822669803375334,0.2252328914433553,96.88935600626343,2,Teufengraben,40.0,11,52.23086574654956,5,14.943538268506906,67.17440401505647,77.17440401505647,5,40.0,251.0,9.009315657734211,12.813354145641123,56.53345575228218,100.0,2,6,0,4
A2_sens_plus,376,A2,1,28.306148055207025,84.89019707005953,0.20041786043908139,423.5660279182682,15,Bellinzona-Nord,233.0,10,168.10614805520703,16,14.629861982434136,182.73601003764117,192.73601003764117,1,233.0,58.0,46.697361482305965,38.192835587753564,11.62423590546672,100.0,15,19,0,4
A2_sens_plus,377,A2,1,28.381430363864492,45.03232297590026,0.2250265987948233,200.12000011145446,8,Amsteg,148.0,1,117.1814303638645,11,14.855708908406527,132.03713927227102,142.03713927227102,0,148.0,143.0,33.30393662163385,11.728386354266405,32.17880362765973,100.0,8,11,0,3
A2_sens_plus,378,A2,1,28.456712672521956,40.66558582219279,0.19646796378573295,206.98329151791123,2,Teufengraben,40.0,11,52.45671267252196,5,14.792973651191971,67.24968632371393,77.24968632371393,6,40.0,251.0,7.858718551429318,32.80686727076347,49.31345891021897,100.0,2,12,0,10
A2_sens_plus,379,A2,1,28.531994981179423,68.37485669419023,0.18679043402218176,366.05116879845446,15,Bellinzona-Nord,233.0,10,168.33199498117943,16,14.479297365119209,182.81129234629864,192.81129234629864,2,233.0,58.0,43.52217112716835,24.85268556702188,10.833845173286543,100.0,15,19,0,4
A2_sens_plus,380,A2,1,28.607277289836887,54.23944522023199,0.17191892164786324,315.4943312832612,15,Bellinzona-Nord,233.0,10,168.40727728983688,16,14.479297365119209,182.8865746549561,192.8865746549561,3,233.0,58.0,40.057108743952135,14.182336476279858,9.971297455576067,100.0,15,19,0,4
A2_sens_plus,381,A2,1,28.682559598494354,84.89119894707697,0.17083793414350149,496.91070881113296,15,Bellinzona-Nord,233.0,10,168.48255959849436,16,14.479297365119209,182.96185696361357,192.96185696361357,4,233.0,58.0,39.80523865543584,45.08596029164113,9.908600180323086,100.0,15,19,0,4
A2_sens_plus,382,A2,1,28.757841907151818,72.42411951275137,0.2251490810571396,321.6718414869798,15,Bellinzona-Nord,233.0,10,168.55784190715184,16,14.554579673776658,183.1124215809285,193.1124215809285,5,233.0,58.0,52.459735886313524,19.96438362643785,13.058646701314096,100.0,15,19,0,4
A2_sens_plus,383,A2,1,28.833124215809285,48.349565129963224,0.16189103480339603,298.65498845368415,15,Bellinzona-Nord,233.0,10,168.6331242158093,16,14.554579673776658,183.18770388958595,193.18770388958595,6,233.0,58.0,37.720611109191275,10.62895402077195,9.38968001859697,100.0,15,19,0,4
A2_sens_plus,384,A2,1,28.908406524466752,40.10875787846609,0.15859823501109452,252.89536088254917,15,Bellinzona-Nord,233.0,10,168.70840652446677,16,14.554579673776658,183.26298619824342,193.26298619824342,7,233.0,58.0,36.953388757585024,3.155369120881069,9.198697630643482,100.0,15,16,0,1
A2_sens_plus,385,A2,1,28.983688833124216,88.93052359394576,0.167629136502213,530.5194875401135,15,Bellinzona-Nord,233.0,10,168.78368883312422,16,14.629861982434136,183.41355081555835,193.41355081555835,8,233.0,58.0,39.057588805015634,49.87293478893013,9.722489917128355,100.0,15,19,0,4
A2_sens_plus,386,A2,1,29.058971141781683,67.42081888029148,0.16753465114539218,402.4291000061918,15,Bellinzona-Nord,233.0,10,168.8589711417817,16,14.855708908406513,183.7146800501882,193.7146800501882,9,233.0,58.0,39.03557371687638,28.3852451634151,9.717009766432746,100.0,15,19,0,4
A2_sens_plus,387,A2,1,29.134253450439147,86.0955728003073,0.23231076228068998,370.6051840003957,9,Wiler,156.0,1,122.73425345043916,12,14.629861982434136,137.3641154328733,147.3641154328733,0,156.0,135.0,36.240478915787634,49.85509388451966,31.361952907893148,100.0,9,19,0,10
A2_sens_plus,388,A2,1,29.209535759096614,19.47828617736331,0.18985066234742123,102.5979363807465,4,Knutwil-Süd,71.0,7,71.8095357590966,7,14.328732747804267,86.13826850690087,96.13826850690087,1,71.0,220.0,13.479397026666907,5.998889150696401,41.76714571643267,100.0,4,6,0,2
A2_sens_plus,389,A2,1,29.284818067754077,78.04269433526261,0.24903884573604823,313.3755864656498,4,Knutwil-Süd,71.0,7,71.88481806775407,7,14.404015056461745,86.28883312421581,96.28883312421581,2,71.0,220.0,17.681758047259425,60.36093628800319,54.78854606193061,100.0,4,19,0,15
A2_sens_plus,390,A2,1,29.360100376411545,60.9659107192966,0.16372112577906123,372.3765667331718,2,Teufengraben,40.0,11,53.360100376411545,5,13.96486825595985,67.3249686323714,77.3249686323714,7,40.0,251.0,6.548845031162449,54.41706568813415,41.09400257054437,100.0,2,19,0,17
A2_sens_plus,391,A2,1,29.43538268506901,19.753734266809005,0.21535398256936433,91.72681197314954,4,Knutwil-Süd,71.0,7,72.03538268506901,7,14.93099121706399,86.966373902133,96.966373902133,3,71.0,220.0,15.290132762424868,4.463601504384137,47.377876165260155,100.0,4,6,0,2
A2_sens_plus,392,A2,1,29.510664993726476,57.060639997537656,0.19487295072012506,292.8094421861949,4,Knutwil-Süd,71.0,7,72.11066499372647,7,14.930991217063976,87.04165621079045,97.04165621079045,4,71.0,220.0,13.835979501128879,43.224660496408774,42.872049158427515,100.0,4,19,0,15
A2_sens_plus,393,A2,1,29.58594730238394,64.88770920843591,0.1892918176697074,342.7919389609198,2,Teufengraben,40.0,11,53.58594730238394,5,13.889585947302379,67.47553324968632,77.47553324968632,8,40.0,251.0,7.571672706788296,57.31603650164761,47.512246235096555,100.0,2,19,0,17
A2_sens_plus,394,A2,1,29.661229611041406,10.984214871088227,0.23750841990540822,46.2476861892428,2,Teufengraben,40.0,11,53.661229611041406,5,13.889585947302379,67.55081555834379,77.55081555834379,9,40.0,251.0,9.50033679621633,1.4838780748718978,59.61461339625746,100.0,2,3,0,1
A2_sens_plus,395,A2,1,29.73651191969887,46.34543694733972,0.24755956458283995,187.20923598906765,2,Teufengraben,40.0,11,53.73651191969887,5,13.889585947302379,67.62609786700125,77.62609786700125,10,40.0,251.0,9.902382583313598,36.443054364026125,62.137450710292825,100.0,2,11,0,9
A2_sens_plus,396,A2,1,29.811794228356337,76.0319608957057,0.23728589587741789,320.4234310453238,2,Teufengraben,40.0,11,53.811794228356334,5,14.027603513174412,67.83939774153075,77.83939774153075,0,40.0,251.0,9.491435835096716,66.54052506060899,59.55875986523189,100.0,2,19,0,17
A2_sens_plus,397,A2,1,29.8870765370138,33.62872202752719,0.1692300679035133,198.71599913734383,1,Mühlematt-West,28.0,5,46.6870765370138,4,14.943538268506906,61.63061480552071,71.63061480552071,0,28.0,263.0,4.738441901298373,28.890280126228816,44.507507858623995,100.0,1,11,0,10
A2_sens_plus,398,A2,1,29.962358845671268,46.68384654388409,0.1720797921208934,271.2918580880589,1,Mühlematt-West,28.0,5,46.76235884567127,4,14.943538268506899,61.70589711417817,71.70589711417817,1,28.0,263.0,4.818234179385015,41.86561236449907,45.25698532779496,100.0,1,17,0,16
A2_sens_plus,400,A2,1,30.1129234629862,34.15419131539933,0.17890835816381917,190.9032739774277,7,Gotthard-West,139.0,10,113.5129234629862,11,14.930991217063976,128.44391468005017,138.44391468005017,0,139.0,152.0,24.868261784770866,9.285929530628465,27.194070440900514,100.0,7,11,0,4
A2_sens_plus,401,A2,1,30.188205771643663,83.47535164124434,0.223472513078058,373.53744535054636,3,Gunzgen-Süd,46.0,6,57.78820577164366,5,14.930991217064005,72.71919698870767,82.71919698870767,1,46.0,245.0,10.279735601590668,73.19561603965367,54.750765704124206,100.0,3,19,0,16
A2_sens_plus,402,A2,1,30.26348808030113,72.50352283452128,0.20664206508096447,350.865264563213,11,San Gottardo-Sud Ambri-Piotta,185.0,6,141.26348808030113,14,14.93099121706399,156.19447929736512,166.19447929736512,2,185.0,106.0,38.22878203997843,34.27474079454285,21.904058898582235,100.0,11,19,0,8
A2_sens_plus,404,A2,1,30.41405269761606,89.76277262700584,0.23285469248387858,385.4883561482037,1,Mühlematt-West,28.0,5,47.21405269761606,4,14.943538268506899,62.15759096612296,72.15759096612297,2,28.0,263.0,6.5199313895486,83.24284123745724,61.24078412326006,100.0,1,19,0,18
A2_sens_plus,406,A2,1,30.56461731493099,32.71267502912312,0.15265777649972917,214.28764245875908,11,San Gottardo-Sud Ambri-Piotta,185.0,6,141.56461731493098,14,14.93099121706399,156.49560853199498,166.49560853199498,3,185.0,106.0,28.241688652449895,4.470986376673224,16.18172430897129,100.0,11,13,0,2
A2_sens_plus,407,A2,1,30.639899623588455,76.95172637287506,0.15494591371460156,496.6360488513057,3,Gunzgen-Süd,46.0,6,58.23989962358846,5,14.93099121706399,73.17089084065245,83.17089084065245,2,46.0,245.0,7.127512030871672,69.82421434200339,37.961748860077385,100.0,3,19,0,16
A2_sens_plus,408,A2,1,30.715181932245923,18.513562549710628,0.21015584524560157,88.09444499663806,1,Mühlematt-West,28.0,5,47.51518193224592,4,14.943538268506899,62.45872020075282,72.45872020075282,3,28.0,263.0,5.884363666876844,12.629198882833784,55.270987299593216,100.0,1,6,0,5
A2_sens_plus,409,A2,1,30.790464240903386,89.92837843793909,0.19861920756222753,452.76778384972897,7,Gotthard-West,139.0,10,114.19046424090338,11,14.930991217064005,129.1214554579674,139.1214554579674,1,139.0,152.0,27.608069851149626,62.320308586789466,30.190119549458586,100.0,7,19,0,12
A2_sens_plus,417,A2,1,31.392722710163113,72.14143525537749,0.20219184707692534,356.79695446835086,11,San Gottardo-Sud Ambri-Piotta,185.0,6,142.39272271016313,14,14.705144291091585,157.0978670012547,167.0978670012547,4,185.0,106.0,37.405491709231185,34.7359435461463,21.432335790154085,100.0,11,19,0,8
A2_sens_plus,418,A2,1,31.468005018820577,25.85633817703183,0.1814749618564381,142.47881863442055,3,Gunzgen-Süd,46.0,6,59.06800501882058,5,14.855708908406534,73.92371392722711,83.92371392722711,3,46.0,245.0,8.347848245396152,17.50848993163568,44.46136565482733,100.0,3,7,0,4
A2_sens_plus,419,A2,1,31.543287327478044,82.85105817047082,0.2064095137047223,401.39166399564715,1,Mühlematt-West,28.0,5,48.343287327478045,4,14.943538268506899,63.28682559598494,73.28682559598494,4,28.0,263.0,5.779466383732224,77.0715917867386,54.285702104341965,100.0,1,19,0,18
A2_sens_plus,420,A2,1,31.618569636135508,62.50152314619921,0.21766523825096376,287.1451759979064,11,San Gottardo-Sud Ambri-Piotta,185.0,6,142.6185696361355,14,14.93099121706399,157.5495608531995,167.5495608531995,5,185.0,106.0,40.2680690764283,22.233454069770914,23.07251525460216,100.0,11,19,0,8
A2_sens_plus,421,A2,1,31.693851944792975,12.893016839575697,0.15660792109193947,82.32672236295521,4,Knutwil-Süd,71.0,7,74.29385194479298,7,14.93099121706399,89.22484316185697,99.22484316185697,5,71.0,220.0,11.119162397527703,1.7738544420479947,34.453742640226686,100.0,4,5,0,1
A2_sens_plus,423,A2,1,31.844416562107906,14.132633361151914,0.1712277138840743,82.53706739739621,4,Knutwil-Süd,71.0,7,74.4444165621079,7,14.93099121706399,89.3754077791719,99.3754077791719,6,71.0,220.0,12.157167685769275,1.9754656753826385,37.670097054496345,100.0,4,5,0,1
A2_sens_plus,428,A2,1,32.220828105395235,14.57855521226083,0.19699559402873398,74.00447347129189,0,Sonnenberg-West,23.0,5,46.02082810539524,4,14.943538268506899,60.96436637390214,70.96436637390214,0,23.0,268.0,4.530898662660881,10.04765654959995,52.794819199700704,100.0,0,4,0,4
A2_sens_plus,429,A2,1,32.2961104140527,74.0771082913341,0.19760917566786607,374.8667441224494,7,Gotthard-West,139.0,10,115.6961104140527,11,14.930991217063962,130.62710163111666,140.62710163111666,2,139.0,152.0,27.467675417833384,46.609432873500715,30.036594701515643,100.0,7,19,0,12
A2_sens_plus,430,A2,1,32.37139272271016,84.22363441378243,0.2435541943842655,345.8106505893277,0,Sonnenberg-West,23.0,5,46.171392722710166,4,14.868255959849435,61.0396486825596,71.0396486825596,1,23.0,268.0,5.601746470838107,78.62188794294433,65.27252409498315,100.0,0,19,0,19
A2_sens_plus,431,A2,1,32.446675031367626,71.76867192835044,0.155948669218334,460.2070173992418,0,Sonnenberg-West,23.0,5,46.24667503136763,4,14.868255959849435,61.114930991217065,71.11493099121707,2,23.0,268.0,3.586819392021682,68.18185253632876,41.79424335051351,100.0,0,19,0,19
A2_sens_plus,432,A2,1,32.5219573400251,65.84966271829097,0.17151782746287184,383.9231390249817,0,Sonnenberg-West,23.0,5,46.321957340025094,4,14.868255959849435,61.19021329987453,71.19021329987453,3,23.0,268.0,3.944910031646052,61.90475268664492,45.96677776004965,100.0,0,19,0,19
A2_sens_plus,435,A2,1,32.74780426599749,26.14256885752443,0.21795270092089578,119.94606511902172,0,Sonnenberg-West,23.0,5,46.547804265997485,4,14.943538268506906,61.49134253450439,71.49134253450438,4,23.0,268.0,5.0129121211806025,21.12965673634383,58.411323846800066,100.0,0,6,0,6
A2_sens_plus,437,A2,1,32.89836888331242,50.362479215438924,0.15991569705988143,314.93143038097367,7,Gotthard-West,139.0,10,116.2983688833124,11,14.780426599749063,131.07879548306147,141.07879548306147,3,139.0,152.0,22.22828189132352,28.134197324115405,24.30718595310198,100.0,7,19,0,12
A2_sens_plus,440,A2,1,33.12421580928482,78.0904879809548,0.16761382991730797,465.8952547023156,7,Gotthard-West,139.0,10,116.52421580928481,11,14.93099121706399,131.4552070263488,141.4552070263488,4,139.0,152.0,23.298322358505807,54.792165622449,25.477302147430812,100.0,7,19,0,12
A2_sens_plus,444,A2,1,33.42534504391468,31.66070010542402,0.18607586865182535,170.1494145093351,7,Gotthard-West,139.0,10,116.82534504391467,11,14.93099121706399,131.75633626097866,141.75633626097866,5,139.0,152.0,25.864545742603724,5.796154362820296,28.283532035077453,100.0,7,10,0,3
A2_sens_plus,457,A2,1,34.40401505646173,46.684851396679186,0.23523823179302664,198.45775510570346,3,Gunzgen-Süd,46.0,6,62.00401505646173,6,14.930991217063983,76.93500627352572,86.93500627352572,4,46.0,245.0,10.820958662479224,35.863892734199965,57.63336678929153,100.0,3,11,0,8
A2_sens_plus,459,A2,1,34.554579673776665,60.91266736862215,0.2319808858238024,262.5762340389003,7,Gotthard-West,139.0,10,117.95457967377666,11,14.93099121706399,132.88557089084065,142.88557089084065,6,139.0,152.0,32.245343129508534,28.66732423911362,35.261094645217966,100.0,7,16,0,9
A2_sens_plus,462,A2,1,34.780426599749056,85.68195628464761,0.1544175102944161,554.8720227471894,7,Gotthard-West,139.0,10,118.18042659974904,11,14.930991217064019,133.11141781681306,143.11141781681306,7,139.0,152.0,21.46403393092384,64.21792235372376,23.471461564751248,100.0,7,19,0,12
A2_sens_plus,464,A2,1,34.93099121706399,56.24137726460337,0.1823936668937636,308.3515903946464,7,Gotthard-West,139.0,10,118.33099121706398,11,14.930991217063976,133.26198243412796,143.26198243412796,8,139.0,152.0,25.35271969823314,30.88865756637023,27.723837367852067,100.0,7,19,0,12
A2_sens_plus,465,A2,1,35.006273525721454,65.98207556712529,0.2448645498712641,269.46356915206763,7,Gotthard-West,139.0,10,118.40627352572145,11,14.93099121706399,133.33726474278544,143.33726474278544,9,139.0,152.0,34.03617243210571,31.945903135019584,37.219411580432144,100.0,7,17,0,10
A2_sens_plus,466,A2,1,35.08155583437892,61.93865241962471,0.20768609584975928,298.23206106407486,19,Coldrerio-Ovest,283.0,7,204.88155583437893,20,14.918444165621082,219.8,229.8,0,283.0,8.0,58.77516512548188,3.1634872941428327,1.6614887667980742,100.0,19,19,1,0
A2_sens_plus,467,A2,1,35.15683814303639,85.24755277564148,0.23061909654447252,369.64654728496157,19,Coldrerio-Ovest,283.0,7,204.9568381430364,20,14.993726474278532,219.95056461731494,229.95056461731494,1,283.0,8.0,65.26520432208572,19.98234845355576,1.8449527723557801,100.0,19,19,1,0
A2_sens_plus,468,A2,1,35.23212045169385,21.87511919360464,0.16703411936585189,130.9619811608187,3,Gunzgen-Süd,46.0,6,62.832120451693854,6,14.93099121706399,77.76311166875784,87.76311166875784,5,46.0,245.0,7.6835694908291865,14.191549702775454,40.92335924463371,100.0,3,6,0,3
A2_sens_plus,469,A2,1,35.307402760351316,50.66821907575537,0.2478634143900439,204.4199189317332,12,Lavorgo,201.0,1,155.90740276035132,15,14.767879548306155,170.67528230865747,180.67528230865747,0,201.0,90.0,49.820546292398824,0.8476727833565434,22.30770729510395,100.0,12,12,1,0
A2_sens_plus,470,A2,1,35.38268506900878,42.32275125926128,0.19986395468763152,211.75779957625548,4,Knutwil-Süd,71.0,7,77.98268506900877,7,14.918444165621082,92.90112923462985,102.90112923462985,0,71.0,220.0,14.190340782821838,28.132410476439443,43.97007003127894,100.0,4,12,0,8
A2_sens_plus,473,A2,1,35.60853199498118,20.727568789821227,0.1880732361217145,110.21009271306981,6,Neuenkirch-West,86.0,3,87.20853199498117,8,14.99372647427856,102.20225846925973,112.20225846925973,0,86.0,205.0,16.17429830646745,4.553270483353778,38.555013404951474,100.0,6,6,1,0
A2_sens_plus,476,A2,1,35.834378920953576,44.232257094508,0.1628052610547787,271.6881310096317,17,Agno/Muzzano-Sud,263.0,1,193.63437892095357,19,14.843161856963604,208.47754077791717,218.47754077791717,0,263.0,28.0,42.81778365740679,1.4144734371012078,4.558547309533803,100.0,17,17,1,0
A2_sens_plus,477,A2,1,35.90966122961104,58.87900376293026,0.1821085626411855,323.318151046755,19,Coldrerio-Ovest,283.0,7,205.70966122961104,20,14.316185696361373,220.02584692597242,230.02584692597242,2,283.0,8.0,51.5367232274555,7.342280535474764,1.456868501129484,100.0,19,19,1,0
A2_sens_plus,478,A2,1,35.98494353826851,60.77032939346104,0.16932083224451305,358.9063943750509,19,Coldrerio-Ovest,283.0,7,205.78494353826852,20,14.391468005018822,220.17641154328734,230.17641154328734,3,283.0,8.0,47.91779552519719,12.852533868263848,1.3545666579561044,100.0,19,19,1,0
A2_sens_plus,479,A2,1,36.060225846925974,42.94487172684562,0.16032834791070497,267.85576154482555,11,San Gottardo-Sud Ambri-Piotta,185.0,6,147.06022584692596,14,14.692597239648705,161.75282308657467,171.75282308657467,0,185.0,106.0,29.66074436348042,13.2841273633652,16.994804878534726,100.0,11,17,0,6
A2_sens_plus,480,A2,1,36.13550815558344,42.702648754295765,0.23661446063310201,180.47353758530906,10,Wassen,158.0,1,130.93550815558345,13,14.918444165621082,145.85395232120453,155.85395232120453,0,158.0,133.0,37.38508478003012,5.317563974265646,31.469723264202567,100.0,10,10,1,0
A2_sens_plus,481,A2,1,36.2107904642409,27.410282135756958,0.2089331166127476,131.19165874771898,6,Neuenkirch-West,86.0,3,87.81079046424091,8,14.918444165621082,102.72923462986199,112.72923462986199,1,86.0,205.0,17.968248028696294,9.442034107060664,42.831288905613256,100.0,6,6,1,0
A2_sens_plus,482,A2,1,36.28607277289837,57.06449987272066,0.1858672791527911,307.01745962403163,19,Coldrerio-Ovest,283.0,7,206.08607277289838,20,14.165621079046417,220.2516938519448,230.2516938519448,4,283.0,8.0,52.600440000239885,4.4640598724807745,1.4869382332223289,100.0,19,19,1,0
A2_sens_plus,483,A2,1,36.361355081555836,35.363272905379034,0.19086693773667127,185.2771010250493,3,Gunzgen-Süd,46.0,6,63.96135508155584,6,14.918444165621082,78.87979924717692,88.87979924717692,0,46.0,245.0,8.779879135886878,26.583393769492154,46.76239974548446,100.0,3,11,0,8
A2_sens_plus,488,A2,1,36.73776662484316,55.79663464976925,0.18914919795306634,294.9874239678991,19,Coldrerio-Ovest,283.0,7,206.5377666248432,20,13.789209535759085,220.32697616060227,230.32697616060227,5,283.0,8.0,53.52922302071777,2.2674116290514803,1.5131935836245307,100.0,19,19,1,0
A2_sens_plus,489,A2,1,36.813048933500625,55.26175203455367,0.18292624595977694,302.0985411065889,19,Coldrerio-Ovest,283.0,7,206.61304893350064,20,14.01505646173149,220.62810539523213,230.62810539523213,6,283.0,8.0,51.76812760661687,3.493624427936801,1.4634099676782155,100.0,19,19,1,0
A2_sens_plus,490,A2,1,36.888331242158095,66.16017448882971,0.1951046500185255,339.10096188147077,18,Riva San Vitale-Nord,278.0,1,203.68833124215809,20,14.843161856963604,218.5314930991217,228.5314930991217,0,278.0,13.0,54.23909270515009,11.921081783679618,2.5363604502408315,100.0,18,19,0,1
A2_sens_plus,491,A2,1,36.96361355081556,61.8358785760968,0.20679342304284926,299.02246244690247,13,Bodio/Personico,212.0,1,164.16361355081557,16,14.6173149309912,178.78092848180677,188.78092848180677,0,212.0,79.0,43.840205685084044,17.99567289101276,16.33668042038509,100.0,13,19,0,6
A2_sens_plus,492,A2,1,37.03889585947302,62.19464452168253,0.19618179114497483,317.02557183669404,6,Neuenkirch-West,86.0,3,88.63889585947302,8,14.843161856963604,103.48205771643663,113.48205771643663,2,86.0,205.0,16.871634038467835,45.32301048321469,40.21726718471984,100.0,6,19,0,13
A2_sens_plus,495,A2,1,37.26474278544542,53.93155068797435,0.1820715546694076,296.2107440994798,16,Sasso/Cadenazzo-Nord,243.0,1,183.06474278544545,18,14.993726474278532,198.05846925972398,208.05846925972398,0,243.0,48.0,44.24338778466605,9.688162903308303,8.739434624131565,100.0,16,19,0,3
A2_sens_plus,498,A2,1,37.49058971141782,38.852586756020344,0.15946397682493887,243.6449129741264,11,San Gottardo-Sud Ambri-Piotta,185.0,6,148.4905897114178,14,14.993726474278532,163.48431618569634,173.48431618569634,1,185.0,106.0,29.500835712613693,9.35175104340665,16.90318154344352,100.0,11,16,0,5
A2_sens_plus,499,A2,1,37.56587202007528,51.01913956854066,0.1666062632413973,306.2258199418264,15,Bellinzona-Nord,233.0,10,177.3658720200753,17,14.993726474278532,192.35959849435383,202.35959849435383,0,233.0,58.0,38.81925933524557,12.19988023329509,9.663163268001043,100.0,15,19,0,4
A2_sens_plus,501,A2,1,37.71643663739021,80.91223093789662,0.188909671152208,428.31174520813255,5,Inseli,79.0,1,85.11643663739022,8,14.993726474278532,100.11016311166875,110.11016311166875,0,79.0,212.0,14.923864021024432,65.9883669168722,40.0488502842681,100.0,5,19,0,14
A2_sens_plus,502,A2,1,37.79171894604768,83.68457578361533,0.17145389725601437,488.0879182271244,14,Moleno-Sud,225.0,1,172.7917189460477,17,14.993726474278532,187.78544542032623,197.78544542032623,0,225.0,66.0,38.57712688260323,45.1074489010121,11.315957218896948,100.0,14,19,0,5
A2_sens_plus,503,A2,1,37.867001254705144,50.290634014647935,0.20626724105748573,243.81299597948356,2,Teufengraben,40.0,11,61.867001254705144,6,14.93099121706399,76.79799247176913,86.79799247176913,1,40.0,251.0,8.25068964229943,42.03994437234851,51.773077505428915,100.0,2,16,0,14
A2_sens_plus,504,A2,1,37.94228356336261,51.622009179245524,0.22555395424734273,228.86767537064222,2,Teufengraben,40.0,11,61.94228356336261,6,14.93099121706399,76.8732747804266,86.8732747804266,2,40.0,251.0,9.022158169893709,42.599851009351816,56.614042516083025,100.0,2,14,0,12
A2_sens_plus,505,A2,1,38.01756587202008,73.98963286110691,0.17574223623453714,421.01224182878786,15,Bellinzona-Nord,233.0,10,177.81756587202008,17,14.918444165621082,192.73601003764117,202.73601003764117,1,233.0,58.0,40.94794104264715,33.04169181845976,10.193049701603154,100.0,15,19,0,4
A2_sens_plus,506,A2,1,38.09284818067754,35.1560553395361,0.23267898819237445,151.09252284727043,2,Teufengraben,40.0,11,62.09284818067754,6,14.85570890840652,76.94855708908406,86.94855708908406,3,40.0,251.0,9.307159527694978,25.848895811841125,58.40242603628599,100.0,2,8,0,6
A2_sens_plus,507,A2,1,38.168130489335006,76.99058898760549,0.24275048596250495,317.1593609064799,15,Bellinzona-Nord,233.0,10,177.968130489335,17,14.843161856963633,192.81129234629864,202.81129234629864,2,233.0,58.0,56.56086322926365,20.42972575834184,14.079528185825287,100.0,15,19,0,4
A2_sens_plus,508,A2,1,38.24341279799247,49.531331721393876,0.20973945290738408,236.15648384124339,15,Bellinzona-Nord,233.0,10,178.0434127979925,17,14.843161856963604,192.8865746549561,202.8865746549561,3,233.0,58.0,48.86929252742049,0.662039193973385,12.164888268628276,100.0,15,15,1,0
A2_sens_plus,509,A2,1,38.31869510664994,19.26853794682147,0.21689476589915796,88.83818780477209,2,Teufengraben,40.0,11,62.31869510664994,6,14.7051442910916,77.02383939774154,87.02383939774154,4,40.0,251.0,8.675790635966319,10.592747310855152,54.440586240688646,100.0,2,6,0,4
A2_sens_plus,510,A2,1,38.393977415307404,15.764731765835496,0.15525759903230554,101.53919591758736,2,Teufengraben,40.0,11,62.393977415307404,6,14.780426599749063,77.17440401505647,87.17440401505647,5,40.0,251.0,6.2103039612922215,9.554427804543273,38.969657357108694,100.0,2,6,0,4
A2_sens_plus,511,A2,1,38.46925972396487,77.35945688315705,0.24455198910219064,316.3313337469153,15,Bellinzona-Nord,233.0,10,178.26925972396486,17,14.692597239648705,192.96185696361357,202.96185696361357,4,233.0,58.0,56.98061346081042,20.378843422346634,14.184015367927056,100.0,15,19,0,4
A2_sens_plus,512,A2,1,38.54454203262233,14.445433352550232,0.18924847342649437,76.33051453998098,4,Knutwil-Süd,71.0,7,81.14454203262233,8,14.993726474278546,96.13826850690087,106.13826850690087,1,71.0,220.0,13.4366416132811,1.0087917392691317,41.63466415382876,100.0,4,4,1,0
A2_sens_plus,513,A2,1,38.6198243412798,32.44891489069247,0.24239004005454298,133.8706610361992,2,Teufengraben,40.0,11,62.6198243412798,6,14.629861982434129,77.24968632371393,87.24968632371393,6,40.0,251.0,9.69560160218172,22.753313288510753,60.839900053690286,100.0,2,6,0,4
A2_sens_plus,514,A2,1,38.695106649937266,36.730403240123664,0.20789775247502426,176.6753262257429,8,Amsteg,148.0,1,127.49510664993727,12,14.54203262233375,142.03713927227102,152.03713927227102,0,148.0,143.0,30.768867366303592,5.961535873820072,29.72937860392847,100.0,8,10,0,2
A2_sens_plus,515,A2,1,38.77038895859473,23.839555615327505,0.15046187988433277,158.44249476115885,9,Wiler,156.0,1,132.37038895859473,13,14.99372647427856,147.3641154328733,157.3641154328733,0,156.0,135.0,23.47205326195591,0.3675023533715951,20.312353784384925,100.0,9,10,0,1
A2_sens_plus,516,A2,1,38.84567126725219,35.11146958415914,0.15385419993234356,228.21261687753204,4,Knutwil-Süd,71.0,7,81.44567126725218,8,14.843161856963633,96.28883312421581,106.28883312421581,2,71.0,220.0,10.923648195196392,24.187821388962746,33.847923985115585,100.0,4,14,0,10
A2_sens_plus,517,A2,1,38.920953575909664,69.41540533800685,0.2180418805669922,318.35812990376104,15,Bellinzona-Nord,233.0,10,178.72095357590968,17,14.391468005018822,193.1124215809285,203.1124215809285,5,233.0,58.0,50.803758172109184,18.611647165897665,12.646429072885548,100.0,15,19,0,4
A2_sens_plus,518,A2,1,38.99623588456713,11.174627484805661,0.2062668013831933,54.17559883544194,2,Teufengraben,40.0,11,62.99623588456713,6,14.328732747804267,77.3249686323714,87.3249686323714,7,40.0,251.0,8.250672055327733,2.923955429477928,51.77296714718152,100.0,2,3,0,1
A2_sens_plus,519,A2,1,39.07151819322459,76.17387396165492,0.15265324372060743,498.9993799350352,15,Bellinzona-Nord,233.0,10,178.8715181932246,17,14.316185696361345,193.18770388958595,203.18770388958595,6,233.0,58.0,35.56820578690153,40.60566817475339,8.85388813579523,100.0,15,19,0,4
A2_sens_plus,520,A2,1,39.146800501882055,78.52384188596466,0.22434599612223854,350.0122277340741,15,Bellinzona-Nord,233.0,10,178.94680050188208,17,14.316185696361345,193.26298619824342,203.26298619824342,7,233.0,58.0,52.27261709648158,26.251224789483075,13.012067775089836,100.0,15,19,0,4
A2_sens_plus,521,A2,1,39.222082810539526,39.78092585532386,0.23521453370691817,169.12613871424992,2,Teufengraben,40.0,11,63.222082810539526,6,14.253450439146796,77.47553324968632,87.47553324968632,8,40.0,251.0,9.408581348276726,30.37234450704713,59.038847960436456,100.0,2,10,0,8
A2_sens_plus,522,A2,1,39.29736511919699,22.289031924850782,0.19964174824393083,111.64514497046524,2,Teufengraben,40.0,11,63.29736511919699,6,14.253450439146796,77.55081555834379,87.55081555834379,9,40.0,251.0,7.985669929757233,14.30336199509355,50.110078809226636,100.0,2,6,0,4
A2_sens_plus,523,A2,1,39.37264742785445,58.06723263560647,0.1965757440357255,295.39368104873296,15,Bellinzona-Nord,233.0,10,179.17264742785446,17,14.240903387703895,193.41355081555835,203.41355081555835,8,233.0,58.0,45.80214836032404,12.265084275282433,11.401393154072078,100.0,15,19,0,4
A2_sens_plus,524,A2,1,39.44792973651192,19.573804469191547,0.15054731088346274,130.01762937063316,4,Knutwil-Süd,71.0,7,82.04792973651192,8,14.918444165621082,96.966373902133,106.966373902133,3,71.0,220.0,10.688859072725855,8.884945396465692,33.1204083943618,100.0,4,6,0,2
A2_sens_plus,525,A2,1,39.52321204516939,39.1935488862602,0.22866497124935992,171.40163039453694,4,Knutwil-Süd,71.0,7,82.12321204516938,8,14.918444165621068,97.04165621079045,107.04165621079045,4,71.0,220.0,16.235212958704555,22.95833592755565,50.306293674859184,100.0,4,10,0,6
A2_sens_plus,526,A2,1,39.59849435382685,86.67433447207779,0.18307160667461053,473.4449871635846,15,Bellinzona-Nord,233.0,10,179.39849435382686,17,14.316185696361345,193.7146800501882,203.7146800501882,9,233.0,58.0,42.655684355184256,44.01865011689353,10.618153187127412,100.0,15,19,0,4
A2_sens_plus,527,A2,1,39.673776662484315,89.63715780669096,0.23787636197825396,376.82246803020035,2,Teufengraben,40.0,11,63.673776662484315,6,13.952321204516934,77.62609786700125,87.62609786700125,10,40.0,251.0,9.515054479130159,80.12210332756081,59.70696685654174,100.0,2,19,0,17
A2_sens_plus,528,A2,1,39.74905897114178,71.76839130836684,0.1873060587558053,383.16107757054857,2,Teufengraben,40.0,11,63.74905897114178,6,14.090338770388968,77.83939774153075,87.83939774153075,0,40.0,251.0,7.492242350232212,64.27614895813463,47.01382074770713,100.0,2,19,0,17
A2_sens_plus,530,A2,1,39.89962358845671,65.0132039332874,0.17703417881993275,367.2353235214227,1,Mühlematt-West,28.0,5,56.69962358845672,5,14.93099121706399,71.63061480552071,81.63061480552071,0,28.0,263.0,4.956957006958117,60.05624692632928,46.55998902964231,100.0,1,19,0,18
A2_sens_plus,531,A2,1,39.974905897114176,66.43250923872101,0.16605883125849186,400.0540575605419,1,Mühlematt-West,28.0,5,56.77490589711418,5,14.93099121706399,71.70589711417817,81.70589711417817,1,28.0,263.0,4.649647275237772,61.78286196348324,43.67347262098336,100.0,1,19,0,18
A2_sens_plus,532,A2,1,40.05018820577165,41.02733561309198,0.2274907903381328,180.34723758315957,7,Gotthard-West,139.0,10,123.45018820577164,12,14.993726474278532,138.44391468005017,148.44391468005017,0,139.0,152.0,31.621219857000458,9.40611575609152,34.578600131396186,100.0,7,10,0,3
A2_sens_plus,533,A2,1,40.12547051442911,61.271090766892755,0.19965904788462815,306.87860838792494,3,Gunzgen-Süd,46.0,6,67.7254705144291,6,14.99372647427856,82.71919698870767,92.71919698870767,1,46.0,245.0,9.184316202692894,52.08677456419986,48.9164667317339,100.0,3,19,0,16
A2_sens_plus,536,A2,1,40.35131744040151,52.007064237380895,0.24635799122221536,211.10362192582755,11,San Gottardo-Sud Ambri-Piotta,185.0,6,151.35131744040152,15,14.843161856963604,166.19447929736512,176.19447929736512,2,185.0,106.0,45.57622837610984,6.430835861271056,26.11394706955483,100.0,11,12,0,1
A2_sens_plus,537,A2,1,40.42659974905897,23.10010434066367,0.23556421217024034,98.06287690241085,1,Mühlematt-West,28.0,5,57.22659974905898,5,14.93099121706399,72.15759096612297,82.15759096612297,2,28.0,263.0,6.5957979407667295,16.50430639989694,61.953387800773214,100.0,1,6,0,5
A2_sens_plus,539,A2,1,40.5771643663739,76.90434324401903,0.209427269430158,367.2126531242671,11,San Gottardo-Sud Ambri-Piotta,185.0,6,151.5771643663739,15,14.918444165621082,166.49560853199498,176.49560853199498,3,185.0,106.0,38.74404484457923,38.1602983994398,22.199290559596747,100.0,11,19,0,8
A2_sens_plus,540,A2,1,40.65244667503137,89.13064021468844,0.23781474246555373,374.79022238328463,3,Gunzgen-Süd,46.0,6,68.25244667503136,6,14.918444165621082,83.17089084065245,93.17089084065245,2,46.0,245.0,10.939478153415472,78.19116206127296,58.264611904060665,100.0,3,19,0,16
A2_sens_plus,541,A2,1,40.727728983688834,54.47755424227587,0.18744639364489377,290.6300472522316,7,Gotthard-West,139.0,10,124.12772898368883,12,14.99372647427856,139.1214554579674,149.1214554579674,1,139.0,152.0,26.055048716640233,28.42250552563564,28.49185183402385,100.0,7,19,0,12
A2_sens_plus,542,A2,1,40.8030112923463,77.12557847053708,0.1601106165935585,481.7018390874148,1,Mühlematt-West,28.0,5,57.603011292346295,5,14.855708908406527,72.45872020075282,82.45872020075282,3,28.0,263.0,4.483097264619638,72.64248120591743,42.10909216410588,100.0,1,19,0,18
A2_sens_plus,548,A2,1,41.254705144291094,70.42641382357955,0.19249793856661013,365.8554182345692,11,San Gottardo-Sud Ambri-Piotta,185.0,6,152.2547051442911,15,14.843161856963604,167.0978670012547,177.0978670012547,4,185.0,106.0,35.61211863482287,34.81429518875668,20.404781488060674,100.0,11,19,0,8
A2_sens_plus,549,A2,1,41.32998745294856,44.70232218580744,0.18699843678471978,239.05184960059626,3,Gunzgen-Süd,46.0,6,68.92998745294855,6,14.99372647427856,83.92371392722711,93.92371392722711,3,46.0,245.0,8.60192809209711,36.10039409371033,45.81461701225635,100.0,3,15,0,12
A2_sens_plus,552,A2,1,41.555834378920956,24.47413217846945,0.22947505584175718,106.65269080638757,1,Mühlematt-West,28.0,5,58.35583437892096,5,14.930991217063976,73.28682559598494,83.28682559598494,4,28.0,263.0,6.425301563569201,18.048830614900247,60.35193968638214,100.0,1,6,0,5
A2_sens_plus,553,A2,1,41.63111668757842,82.5682897724972,0.2337716858187041,353.2005575582451,11,San Gottardo-Sud Ambri-Piotta,185.0,6,152.6311166875784,15,14.918444165621082,167.5495608531995,177.5495608531995,5,185.0,106.0,43.24776187646026,39.320527896036936,24.779798696782635,100.0,11,19,0,8
A2_sens_plus,554,A2,1,41.70639899623588,13.57192711794231,0.1784397134573409,76.05889325296924,4,Knutwil-Süd,71.0,7,84.30639899623588,8,14.918444165621082,99.22484316185697,109.22484316185697,5,71.0,220.0,12.669219655471203,0.902707462471108,39.256736960614994,100.0,4,4,1,0
A2_sens_plus,555,A2,1,41.78168130489335,28.6281827954965,0.1803796618409944,158.71070221171823,4,Knutwil-Süd,71.0,7,84.38168130489333,8,14.99372647427856,99.3754077791719,109.3754077791719,6,71.0,220.0,12.806955990710604,15.821226804785896,39.68352560501877,100.0,4,10,0,6
A2_sens_plus,561,A2,1,42.23337515683814,29.493396324457084,0.16633917001494544,177.3087861494507,7,Gotthard-West,139.0,10,125.63337515683813,12,14.993726474278532,140.62710163111666,150.62710163111666,2,139.0,152.0,23.121144632077417,6.372251692379667,25.283553842271708,100.0,7,10,0,3
A2_sens_plus,562,A2,1,42.30865746549561,77.4870707810033,0.21683307407951538,357.35817107213,0,Sonnenberg-West,23.0,5,56.10865746549561,5,14.855708908406527,70.96436637390214,80.96436637390214,0,23.0,268.0,4.987160703828854,72.49991007717445,58.11126385331012,100.0,0,19,0,19
A2_sens_plus,563,A2,1,42.38393977415308,61.00709603827673,0.18767340078748765,325.0705522588054,0,Sonnenberg-West,23.0,5,56.183939774153075,5,14.855708908406527,71.0396486825596,81.0396486825596,1,23.0,268.0,4.316488218112216,56.690607820164516,50.29647141104669,100.0,0,19,0,19
A2_sens_plus,564,A2,1,42.45922208281054,61.93192401074195,0.2118714778169642,292.3089254337715,0,Sonnenberg-West,23.0,5,56.25922208281054,5,14.855708908406527,71.11493099121707,81.11493099121707,2,23.0,268.0,4.873043989790176,57.058880020951776,56.78155605494641,100.0,0,19,0,19
A2_sens_plus,565,A2,1,42.534504391468005,63.6162604281084,0.1540095009872776,413.0671161213853,0,Sonnenberg-West,23.0,5,56.334504391468,5,14.855708908406527,71.19021329987453,81.19021329987453,3,23.0,268.0,3.5422185227073846,60.07404190540101,41.27454626459039,100.0,0,19,0,19
A2_sens_plus,568,A2,1,42.7603513174404,39.32867079460899,0.17143264028549865,229.41180121307255,7,Gotthard-West,139.0,10,126.16035131744039,12,14.918444165621082,141.07879548306147,151.07879548306147,3,139.0,152.0,23.829136999684312,15.499533794924677,26.057761323395795,100.0,7,14,0,7
A2_sens_plus,569,A2,1,42.83563362609787,53.162194820934296,0.16396236541791206,324.23412949327087,0,Sonnenberg-West,23.0,5,56.63563362609787,5,14.855708908406513,71.49134253450438,81.49134253450438,4,23.0,268.0,3.7711344046119777,49.39106041632232,43.94191393200043,100.0,0,19,0,19
A2_sens_plus,572,A2,1,43.061480552070265,48.605800686983514,0.15968101493049713,304.39310965138657,7,Gotthard-West,139.0,10,126.46148055207026,12,14.993726474278546,141.4552070263488,151.4552070263488,4,139.0,152.0,22.195661075339103,26.41013961164441,24.271514269435563,100.0,7,19,0,12
A2_sens_plus,576,A2,1,43.362609786700126,82.76417950970799,0.24744171231088466,334.47949715819715,7,Gotthard-West,139.0,10,126.76260978670012,12,14.993726474278532,141.75633626097866,151.75633626097866,5,139.0,152.0,34.39439801121297,48.369781498495016,37.61114027125447,100.0,7,19,0,12
A2_sens_plus,589,A2,1,44.341279799247175,11.985850543885803,0.18017648666969308,66.52283416902648,3,Gunzgen-Süd,46.0,6,71.94127979924718,7,14.993726474278532,86.93500627352572,96.93500627352572,4,46.0,245.0,8.288118386805882,3.697732157079921,44.143239234074805,100.0,3,3,1,0
A2_sens_plus,591,A2,1,44.49184441656211,45.85658626054972,0.15451147457092784,296.7843416671261,7,Gotthard-West,139.0,10,127.8918444165621,12,14.99372647427856,142.88557089084065,152.88557089084065,6,139.0,152.0,21.47709496535897,24.37949129519075,23.485744134781033,100.0,7,19,0,12
A2_sens_plus,595,A2,1,44.79297365119197,32.24176852806511,0.1559824337317299,206.70127883449288,7,Gotthard-West,139.0,10,128.19297365119195,12,14.91844416562111,143.11141781681306,153.11141781681306,7,139.0,152.0,21.681558288710455,10.560210239354653,23.709329927222946,100.0,7,12,0,5
A2_sens_plus,596,A2,1,44.868255959849435,66.2426772559114,0.2334707664326936,283.7300715120077,7,Gotthard-West,139.0,10,128.26825595984943,12,14.993726474278532,143.26198243412796,153.26198243412796,8,139.0,152.0,32.45243653414441,33.79024072176699,35.487556497769425,100.0,7,19,0,12
A2_sens_plus,597,A2,1,44.9435382685069,60.701581845541035,0.16557576709745794,366.6090932848408,7,Gotthard-West,139.0,10,128.3435382685069,12,14.993726474278532,143.33726474278544,153.33726474278544,9,139.0,152.0,23.015031626546655,37.686550218994384,25.167516598813606,100.0,7,19,0,12
A2_sens_plus,598,A2,1,45.01882057716437,88.54447580340283,0.20348981529758706,435.1297664402213,19,Coldrerio-Ovest,283.0,7,214.8188205771644,21,14.981179422835623,229.8,239.8,0,283.0,8.0,57.587617729217136,30.956858074185696,1.6279185223806965,100.0,19,19,1,0
A2_sens_plus,599,A2,1,45.09410288582183,59.628616772643525,0.24157448578787094,246.83325549952337,12,Lavorgo,201.0,1,165.69410288582182,16,14.981179422835652,180.67528230865747,190.67528230865747,0,201.0,90.0,48.55647164336206,11.072145129281466,21.741703720908383,100.0,12,16,0,4
A2_sens_plus,600,A2,1,45.1693851944793,48.20046989021862,0.20674481135493233,233.13992537142673,3,Gunzgen-Süd,46.0,6,72.7693851944793,7,14.993726474278546,87.76311166875784,97.76311166875784,5,46.0,245.0,9.510261322326887,38.69020856789173,50.65247878195842,100.0,3,15,0,12
A2_sens_plus,601,A2,1,45.24466750313676,70.91460505472061,0.1897233301472824,373.7790444626369,19,Coldrerio-Ovest,283.0,7,215.04466750313676,21,14.905897114178174,229.95056461731494,239.95056461731494,1,283.0,8.0,53.69170243168092,17.222902623039687,1.5177866411782592,100.0,19,19,1,0
A2_sens_plus,602,A2,1,45.31994981179423,82.26622975712425,0.19450160548539921,422.95912957541003,19,Coldrerio-Ovest,283.0,7,215.11994981179424,21,14.905897114178174,230.02584692597242,240.02584692597242,2,283.0,8.0,55.043954352367976,27.222275404756274,1.5560128438831937,100.0,19,19,1,0
A2_sens_plus,603,A2,1,45.395232120451695,67.65567573746813,0.1563117170703871,432.82536335393723,19,Coldrerio-Ovest,283.0,7,215.1952321204517,21,14.981179422835652,230.17641154328734,240.17641154328734,3,283.0,8.0,44.23621593091955,23.41945980654858,1.2504937365630968,100.0,19,19,1,0
A2_sens_plus,604,A2,1,45.47051442910916,87.05689788395037,0.2468752321361599,352.63520415014983,19,Coldrerio-Ovest,283.0,7,215.27051442910917,21,14.981179422835623,230.2516938519448,240.2516938519448,4,283.0,8.0,69.86569069453324,17.191207189417128,1.9750018570892791,100.0,19,19,1,0
A2_sens_plus,605,A2,1,45.54579673776662,72.56041365905418,0.18106541850810828,400.74142404947884,19,Coldrerio-Ovest,283.0,7,215.34579673776665,21,14.981179422835623,230.32697616060227,240.32697616060227,5,283.0,8.0,51.241513437794644,21.318900221259533,1.4485233480648663,100.0,19,19,1,0
A2_sens_plus,606,A2,1,45.62107904642409,79.34411506095412,0.16893634916728537,469.66869742393584,6,Neuenkirch-West,86.0,3,97.2210790464241,9,14.981179422835638,112.20225846925973,122.20225846925973,0,86.0,205.0,14.528526028386542,64.81558903256759,34.6319515792935,100.0,6,19,0,13
A2_sens_plus,607,A2,1,45.69636135508156,19.128325694690975,0.17860473018403952,107.09865116663255,4,Knutwil-Süd,71.0,7,88.29636135508156,8,14.604767879548291,102.90112923462985,112.90112923462985,0,71.0,220.0,12.680935843066806,6.44738985162417,39.2930406404887,100.0,4,6,0,2
A2_sens_plus,608,A2,1,45.77164366373902,68.59308023950302,0.24643731948914788,278.3388505510976,17,Agno/Muzzano-Sud,263.0,1,203.571643663739,20,14.905897114178174,218.47754077791717,228.47754077791717,0,263.0,28.0,64.8130150256459,3.780065213857128,6.900244945696141,100.0,17,18,0,1
A2_sens_plus,609,A2,1,45.846925972396484,45.20709596218949,0.15942860534880068,283.5569931963252,19,Coldrerio-Ovest,283.0,7,215.6469259723965,21,14.981179422835623,230.62810539523213,240.62810539523213,6,283.0,8.0,45.1182953137106,0.08880064847889457,1.2754288427904055,100.0,19,19,1,0
A2_sens_plus,610,A2,1,45.922208281053955,54.24830419290202,0.23673030405011813,229.1565687400001,11,San Gottardo-Sud Ambri-Piotta,185.0,6,156.92220828105394,15,14.830614805520725,171.75282308657467,181.75282308657467,0,185.0,106.0,43.79510624927185,10.453197943630165,25.093412229312523,100.0,11,14,0,3
A2_sens_plus,612,A2,1,46.07277289836888,87.58520933644556,0.2330019179159028,375.89909181802363,10,Wassen,158.0,1,140.8727728983689,14,14.981179422835623,155.85395232120453,165.85395232120453,0,158.0,133.0,36.814303030712644,50.770906305732915,30.989255082815074,100.0,10,19,0,9
A2_sens_plus,613,A2,1,46.148055207026346,88.76624651452997,0.24758975403678962,358.5214859147204,6,Neuenkirch-West,86.0,3,97.74805520702634,9,14.981179422835652,112.72923462986199,122.72923462986199,1,86.0,205.0,21.292718847163908,67.47352766736606,50.755899577541875,100.0,6,19,0,13
A2_sens_plus,615,A2,1,46.29861982434128,68.7002797950333,0.2443382351277853,281.16876492581713,3,Gunzgen-Süd,46.0,6,73.89861982434128,7,14.981179422835638,88.87979924717692,98.87979924717692,0,46.0,245.0,11.239558815878123,57.46072097915517,59.8628676063074,100.0,3,18,0,15
A2_sens_plus,620,A2,1,46.675031367628605,72.18745020233429,0.23989215763205135,300.9162571835967,13,Bodio/Personico,212.0,1,173.8750313676286,17,14.905897114178174,188.78092848180677,198.78092848180677,0,212.0,79.0,50.857137417994885,21.330312784339405,18.951480452932056,100.0,13,19,0,6
A2_sens_plus,622,A2,1,46.82559598494354,88.84321355959409,0.2204838323043181,402.94661350484034,18,Riva San Vitale-Nord,278.0,1,213.62559598494352,21,14.905897114178174,228.5314930991217,238.5314930991217,0,278.0,13.0,61.29450538060043,27.548708178993664,2.866289819956135,100.0,18,19,0,1
A2_sens_plus,623,A2,1,46.900878293601004,47.197876495492245,0.1982938389471784,238.0198837547587,6,Neuenkirch-West,86.0,3,98.500878293601,9,14.981179422835623,113.48205771643663,123.48205771643663,2,86.0,205.0,17.05327014945734,30.144606346034905,40.65023698417157,100.0,6,15,0,9
A2_sens_plus,628,A2,1,47.27728983688833,54.43693681102111,0.15897532352511953,342.42381524337384,16,Sasso/Cadenazzo-Nord,243.0,1,193.07728983688833,19,14.981179422835652,208.05846925972398,218.05846925972398,0,243.0,48.0,38.63100361660405,15.805933194417065,7.630815529205737,100.0,16,19,0,3
A2_sens_plus,631,A2,1,47.50313676286073,75.80664724939453,0.19460728929202262,389.5365251999428,11,San Gottardo-Sud Ambri-Piotta,185.0,6,158.50313676286072,15,14.981179422835623,173.48431618569634,183.48431618569634,1,185.0,106.0,36.00234851902418,39.80429873037035,20.628372664954398,100.0,11,19,0,8
A2_sens_plus,634,A2,1,47.728983688833125,13.895877785108102,0.15351759821844196,90.51651371809176,5,Inseli,79.0,1,95.12898368883313,9,14.981179422835623,110.11016311166875,120.11016311166875,0,79.0,212.0,12.127890259256915,1.7679875258511863,32.54573082230969,100.0,5,6,0,1
A2_sens_plus,635,A2,1,47.80426599749059,18.742583289164642,0.16575233413174795,113.07583321431319,2,Teufengraben,40.0,11,71.80426599749059,7,14.993726474278546,86.79799247176913,96.79799247176913,1,40.0,251.0,6.630093365269918,12.112489923894724,41.60383586706873,100.0,2,6,0,4
A2_sens_plus,636,A2,1,47.87954830614805,64.02445029339873,0.17058197930130076,375.32950758128834,15,Bellinzona-Nord,233.0,10,187.67954830614806,18,14.680050188205769,202.35959849435383,212.35959849435383,0,233.0,58.0,39.74560117720308,24.27884911619565,9.893754799475444,100.0,15,19,0,4
A2_sens_plus,637,A2,1,47.95483061480552,67.06065570493585,0.24757360243896606,270.8715914955764,15,Bellinzona-Nord,233.0,10,187.75483061480554,18,14.981179422835623,202.73601003764117,212.73601003764117,1,233.0,58.0,57.68464936827909,9.376006336656765,14.359268941460032,100.0,15,17,0,2
A2_sens_plus,638,A2,1,48.03011292346299,71.89765462013011,0.17187042261516347,418.3247677299122,15,Bellinzona-Nord,233.0,10,187.830112923463,18,14.981179422835652,202.81129234629864,212.81129234629864,2,233.0,58.0,40.04580846933309,31.851846150797023,9.968484511679481,100.0,15,19,0,4
A2_sens_plus,639,A2,1,48.10539523212045,79.23652384445303,0.20157556762880513,393.08595171794093,15,Bellinzona-Nord,233.0,10,187.90539523212047,18,14.981179422835623,202.8865746549561,212.8865746549561,3,233.0,58.0,46.96710725751159,32.26941658694144,11.691382922470698,100.0,15,19,0,4
A2_sens_plus,640,A2,1,48.180677540777914,69.1545174781208,0.2436176931640196,283.86492204226477,15,Bellinzona-Nord,233.0,10,187.98067754077792,18,14.981179422835652,202.96185696361357,212.96185696361357,4,233.0,58.0,56.762922507216565,12.39159497090423,14.129826203513137,100.0,15,19,0,4
A2_sens_plus,641,A2,1,48.255959849435385,74.06972736853056,0.24771927299143573,299.0067202849063,14,Moleno-Sud,225.0,1,183.25595984943538,18,14.529485570890841,197.78544542032623,207.78544542032623,0,225.0,66.0,55.736836423073036,18.332890945457528,16.34947201743476,100.0,14,19,0,5
A2_sens_plus,642,A2,1,48.33124215809285,13.91709678586234,0.17363604353835446,80.15096694361267,2,Teufengraben,40.0,11,72.33124215809285,7,14.54203262233375,86.8732747804266,96.8732747804266,2,40.0,251.0,6.945441741534179,6.971655044328161,43.58264692812697,100.0,2,5,0,3
A2_sens_plus,643,A2,1,48.40652446675031,28.762812035303888,0.154911764375004,185.6722254203758,8,Amsteg,148.0,1,137.2065244667503,13,14.830614805520725,152.03713927227102,162.03713927227102,0,148.0,143.0,22.926941127500594,5.835870907803294,22.152382305625572,100.0,8,11,0,3
A2_sens_plus,644,A2,1,48.481806775407776,59.75182187001966,0.16536018325377586,361.3434666936684,15,Bellinzona-Nord,233.0,10,188.2818067754078,18,14.830614805520696,203.1124215809285,213.1124215809285,5,233.0,58.0,38.528922698129776,21.222899171889885,9.590890628719,100.0,15,19,0,4
A2_sens_plus,645,A2,1,48.55708908406525,78.65002436998586,0.1563328478702558,503.09340257947133,15,Bellinzona-Nord,233.0,10,188.35708908406525,18,14.830614805520696,203.18770388958595,213.18770388958595,6,233.0,58.0,36.4255535537696,42.224470816216254,9.067305176474838,100.0,15,19,0,4
A2_sens_plus,646,A2,1,48.63237139272271,10.36000999517273,0.16951242410923364,61.11652316703789,2,Teufengraben,40.0,11,72.63237139272272,7,14.316185696361345,86.94855708908406,96.94855708908406,3,40.0,251.0,6.780496964369346,3.5795130308033842,42.54761845141765,100.0,2,3,0,1
A2_sens_plus,647,A2,1,48.707653701380174,51.17034736930798,0.20685697147037355,247.3706687552307,15,Bellinzona-Nord,233.0,10,188.50765370138018,18,14.755332496863247,203.26298619824342,213.26298619824342,7,233.0,58.0,48.19767435259703,2.9726730167109494,11.997704345281665,100.0,15,16,0,1
A2_sens_plus,648,A2,1,48.78293601003764,64.18299194915177,0.24124487962956417,266.0491366602512,15,Bellinzona-Nord,233.0,10,188.58293601003766,18,14.830614805520696,203.41355081555835,213.41355081555835,8,233.0,58.0,56.21005695368845,7.972934995463319,13.992203018514722,100.0,15,17,0,2
A2_sens_plus,649,A2,1,48.85821831869511,12.368583130289057,0.203721888369434,60.713079135903065,2,Teufengraben,40.0,11,72.85821831869511,7,14.165621079046431,87.02383939774154,97.02383939774154,4,40.0,251.0,8.14887553477736,4.2197075955116965,51.134193980727936,100.0,2,3,0,1
A2_sens_plus,650,A2,1,48.93350062735257,42.108444604271035,0.21259895566990808,198.0651526325028,9,Wiler,156.0,1,142.53350062735257,14,14.830614805520725,157.3641154328733,167.3641154328733,0,156.0,135.0,33.16543708450566,8.943007519765374,28.70085901543759,100.0,9,11,0,2
A2_sens_plus,651,A2,1,49.008782936010036,81.65079051069574,0.1701867251609541,479.7717943833428,15,Bellinzona-Nord,233.0,10,188.80878293601006,18,14.905897114178146,203.7146800501882,213.7146800501882,9,233.0,58.0,39.653506962502306,41.99728354819344,9.870830059335338,100.0,15,19,0,4
A2_sens_plus,652,A2,1,49.08406524466751,63.7290247084687,0.230058362067385,277.012424742041,4,Knutwil-Süd,71.0,7,91.6840652446675,9,14.454203262233378,106.13826850690087,116.13826850690087,1,71.0,220.0,16.334143706784335,47.39488100168437,50.612839654824704,100.0,4,17,0,13
A2_sens_plus,653,A2,1,49.15934755332497,29.012669068847785,0.21177889085055832,136.99509404514052,4,Knutwil-Süd,71.0,7,91.75934755332497,9,14.529485570890841,106.28883312421581,116.28883312421581,2,71.0,220.0,15.03630125038964,13.976367818458145,46.59135598712283,100.0,4,6,0,2
A2_sens_plus,654,A2,1,49.234629861982434,78.22249037055302,0.23641368291927248,330.8712482486195,2,Teufengraben,40.0,11,73.23462986198243,7,13.93977415307404,87.17440401505647,97.17440401505647,5,40.0,251.0,9.4565473167709,68.76594305378212,59.33983441273739,100.0,2,19,0,17
A2_sens_plus,655,A2,1,49.3099121706399,37.842513872761145,0.24488431070057842,154.53221059568583,2,Teufengraben,40.0,11,73.3099121706399,7,13.939774153074026,87.24968632371393,97.24968632371393,6,40.0,251.0,9.795372428023137,28.04714144473801,61.46596198584518,100.0,2,8,0,6
A2_sens_plus,656,A2,1,49.38519447929737,78.26757369152476,0.1847900775756592,423.548573161237,4,Knutwil-Süd,71.0,7,91.98519447929736,9,14.981179422835638,106.966373902133,116.966373902133,3,71.0,220.0,13.120095507871804,65.14747818365295,40.653817066645026,100.0,4,19,0,15
A2_sens_plus,657,A2,1,49.46047678795483,33.91549208951244,0.15905790585354393,213.22732691288465,4,Knutwil-Süd,71.0,7,92.06047678795483,9,14.981179422835623,107.04165621079045,117.04165621079045,4,71.0,220.0,11.29311131560162,22.62238077391082,34.99273928777966,100.0,4,13,0,9
A2_sens_plus,658,A2,1,49.535759096612296,57.22562007065192,0.17259289579167825,331.56416901263395,2,Teufengraben,40.0,11,73.5357590966123,7,13.789209535759099,87.3249686323714,97.3249686323714,7,40.0,251.0,6.90371583166713,50.32190423898479,43.32081684371124,100.0,2,19,0,17
A2_sens_plus,659,A2,1,49.61104140526976,41.75520541982672,0.19378415656758372,215.47275153665245,2,Teufengraben,40.0,11,73.61104140526976,7,13.864491844416563,87.47553324968632,97.47553324968632,8,40.0,251.0,7.751366262703349,34.00383915712337,48.63982329846351,100.0,2,13,0,11
A2_sens_plus,660,A2,1,49.68632371392723,31.986004060405364,0.24456936518244732,130.7849985076585,2,Teufengraben,40.0,11,73.68632371392724,7,13.864491844416548,87.55081555834379,97.55081555834379,9,40.0,251.0,9.782774607297892,22.203229453107472,61.38691066079428,100.0,2,6,0,4
A2_sens_plus,661,A2,1,49.761606022584694,80.92460497374954,0.18783098223734151,430.83736245117404,2,Teufengraben,40.0,11,73.76160602258469,7,13.864491844416563,87.62609786700125,97.62609786700125,10,40.0,251.0,7.513239289493661,73.41136568425588,47.14557654157272,100.0,2,19,0,17
A2_sens_plus,662,A2,1,49.83688833124216,25.007494555159305,0.227077321366537,110.12766226352231,2,Teufengraben,40.0,11,73.83688833124216,7,14.002509410288582,87.83939774153075,97.83939774153075,0,40.0,251.0,9.08309285466148,15.924401700497825,56.99640766300079,100.0,2,6,0,4
A2_sens_plus,663,A2,1,49.91217063989962,16.78492729886105,0.2040476692170755,82.25983351470903,1,Mühlematt-West,28.0,5,66.71217063989963,6,14.918444165621082,81.63061480552071,91.63061480552071,0,28.0,263.0,5.713334738078114,11.071592560782936,53.66453700409086,100.0,1,5,0,4
A2_sens_plus,664,A2,1,49.98745294855709,37.35415508365283,0.16828087704309766,221.9750439860509,1,Mühlematt-West,28.0,5,66.78745294855709,6,14.918444165621082,81.70589711417817,91.70589711417817,1,28.0,263.0,4.711864557206734,32.64229052644609,44.25787066233468,100.0,1,13,0,12
A2_sens_plus,665,A2,1,50.062735257214555,67.4111318113254,0.18207341189534515,370.24149275608113,7,Gotthard-West,139.0,10,133.46273525721455,13,14.981179422835623,148.44391468005017,158.44391468005017,0,139.0,152.0,25.308204253452974,42.102927557872434,27.675158608092463,100.0,7,19,0,12
A2_sens_plus,666,A2,1,50.13801756587202,74.59452847810253,0.21531918850228188,346.4369757148328,3,Gunzgen-Süd,46.0,6,77.73801756587201,7,14.981179422835652,92.71919698870767,102.71919698870767,1,46.0,245.0,9.904682671104966,64.68984580699757,52.75320118305906,100.0,3,19,0,16
A2_sens_plus,667,A2,1,50.21329987452948,89.89946960534118,0.21728533946848935,413.7392325927188,11,San Gottardo-Sud Ambri-Piotta,185.0,6,161.21329987452947,16,14.981179422835652,176.19447929736512,186.19447929736512,2,185.0,106.0,40.19778780167053,49.70168180367065,23.03224598365987,100.0,11,19,0,8
A2_sens_plus,669,A2,1,50.36386449184442,42.635356090502576,0.17286456026621147,246.64023687009134,1,Mühlematt-West,28.0,5,67.16386449184442,6,14.993726474278546,82.15759096612297,92.15759096612297,2,28.0,263.0,4.840207687453921,37.79514840304866,45.46337935001362,100.0,1,16,0,15
A2_sens_plus,671,A2,1,50.514429109159344,55.989754369842686,0.16688730416127148,335.4943903685867,11,San Gottardo-Sud Ambri-Piotta,185.0,6,161.51442910915935,16,14.981179422835623,176.49560853199498,186.49560853199498,3,185.0,106.0,30.874151269835224,25.115603100007462,17.690054241094778,100.0,11,19,0,8
A2_sens_plus,672,A2,1,50.589711417816815,89.80640298103337,0.24366696918651265,368.56207175249875,3,Gunzgen-Süd,46.0,6,78.18971141781682,7,14.981179422835623,93.17089084065245,103.17089084065245,2,46.0,245.0,11.208680582579582,78.59772239845378,59.6984074506956,100.0,3,19,0,16
A2_sens_plus,673,A2,1,50.66499372647428,66.07048080965268,0.16879035790364766,391.4351603387699,1,Mühlematt-West,28.0,5,67.46499372647428,6,14.993726474278546,82.45872020075282,92.45872020075282,3,28.0,263.0,4.726130021302135,61.344350788350546,44.391864128659336,100.0,1,19,0,18
A2_sens_plus,674,A2,1,50.74027603513174,57.61702723306974,0.16073123628325203,358.4681395191468,7,Gotthard-West,139.0,10,134.14027603513173,13,14.981179422835652,149.1214554579674,159.1214554579674,1,139.0,152.0,22.34164184337203,35.27538538969771,24.43114791505431,100.0,7,19,0,12
A2_sens_plus,682,A2,1,51.342534504391466,11.413502479992976,0.19217660627145614,59.390696409067644,3,Gunzgen-Süd,46.0,6,78.94253450439146,7,14.981179422835652,93.92371392722711,103.92371392722711,3,46.0,245.0,8.840123888486982,2.5733785915059944,47.08326853650675,100.0,3,3,1,0
A2_sens_plus,683,A2,1,51.41781681304894,46.262393320013075,0.15668257547014627,295.26188972319864,11,San Gottardo-Sud Ambri-Piotta,185.0,6,162.41781681304894,16,14.680050188205769,177.0978670012547,187.0978670012547,4,185.0,106.0,28.98627646197706,17.276116858036016,16.608352999835503,100.0,11,19,0,8
A2_sens_plus,684,A2,1,51.4930991217064,60.763221196143775,0.20929566311496162,290.3224094173793,1,Mühlematt-West,28.0,5,68.2930991217064,6,14.993726474278532,83.28682559598494,93.28682559598494,4,28.0,263.0,5.860278567218925,54.90294262892485,55.044759399234906,100.0,1,19,0,18
A2_sens_plus,685,A2,1,51.568381430363864,37.46339699031262,0.17279677722231823,216.806109422473,11,San Gottardo-Sud Ambri-Piotta,185.0,6,162.56838143036387,16,14.981179422835623,177.5495608531995,187.5495608531995,5,185.0,106.0,31.967403786128873,5.495993204183744,18.31645838556573,100.0,11,13,0,2
A2_sens_plus,686,A2,1,51.64366373902133,43.63054172042217,0.213760898022905,204.1090869469825,4,Knutwil-Süd,71.0,7,94.24366373902131,9,14.981179422835652,109.22484316185697,119.22484316185697,5,71.0,220.0,15.177023759626254,28.45351796079592,47.027397565039095,100.0,4,12,0,8
A2_sens_plus,688,A2,1,51.79422835633626,70.15704972599325,0.24813871012530017,282.7331926186234,4,Knutwil-Süd,71.0,7,94.39422835633626,9,14.981179422835638,109.3754077791719,119.3754077791719,6,71.0,220.0,17.617848418896312,52.53920130709693,54.590516227566035,100.0,4,18,0,14
A2_sens_plus,693,A2,1,52.17063989962359,36.02741844133416,0.2322213546093807,155.14257292115036,0,Sonnenberg-West,23.0,5,65.97063989962359,6,14.993726474278546,80.96436637390214,90.96436637390214,0,23.0,268.0,5.341091156015756,30.686327285318406,62.23532303531403,100.0,0,8,0,8
A2_sens_plus,694,A2,1,52.24592220828105,82.72518515383588,0.21481837296671344,385.09362123627255,7,Gotthard-West,139.0,10,135.64592220828104,13,14.981179422835623,150.62710163111666,160.62710163111666,2,139.0,152.0,29.859753842373166,52.865431311462714,32.652392690940445,100.0,7,19,0,12
A2_sens_plus,695,A2,1,52.32120451693852,52.36336442280579,0.22817570475739452,229.4870283340665,0,Sonnenberg-West,23.0,5,66.12120451693852,6,14.918444165621082,81.0396486825596,91.0396486825596,1,23.0,268.0,5.248041209420074,47.115323213385714,61.15108887498173,100.0,0,14,0,14
A2_sens_plus,696,A2,1,52.396486825595986,69.38543595343813,0.19281698635088731,359.85126241508044,0,Sonnenberg-West,23.0,5,66.19648682559598,6,14.918444165621082,81.11493099121707,91.11493099121707,2,23.0,268.0,4.434790686070408,64.95064526736772,51.6749523420378,100.0,0,19,0,19
A2_sens_plus,697,A2,1,52.47176913425345,57.25958353310129,0.2137936744246645,267.8263689849165,0,Sonnenberg-West,23.0,5,66.27176913425345,6,14.918444165621082,81.19021329987453,91.19021329987453,3,23.0,268.0,4.9172545117672835,52.34232902133401,57.29670474581008,100.0,0,17,0,17
A2_sens_plus,700,A2,1,52.69761606022585,29.309764930133035,0.18476736348359032,158.63063896961495,7,Gotthard-West,139.0,10,136.09761606022585,13,14.981179422835623,151.07879548306147,161.07879548306147,3,139.0,152.0,25.682663524219056,3.6271014059139794,28.08463924950573,100.0,7,10,0,3
A2_sens_plus,701,A2,1,52.77289836888331,35.79938777349322,0.21625295943661998,165.54403633021914,0,Sonnenberg-West,23.0,5,66.57289836888332,6,14.918444165621068,81.49134253450438,91.49134253450438,4,23.0,268.0,4.973818067042259,30.825569706450963,57.955793129014154,100.0,0,10,0,10
A2_sens_plus,705,A2,1,53.07402760351317,54.91915155315077,0.1925081767514131,285.282175956963,7,Gotthard-West,139.0,10,136.47402760351315,13,14.981179422835652,151.4552070263488,161.4552070263488,4,139.0,152.0,26.75863656844642,28.16051498470435,29.26124286621479,100.0,7,19,0,12
A2_sens_plus,709,A2,1,53.375156838143035,48.10058468693805,0.1959709464453592,245.44752964363266,7,Gotthard-West,139.0,10,136.77515683814303,13,14.981179422835623,151.75633626097866,161.75633626097866,5,139.0,152.0,27.23996155590493,20.86062313103312,29.7875838596946,100.0,7,16,0,9
A2_sens_plus,722,A2,1,54.35382685069009,12.867420113453054,0.17913294535584656,71.83167835426363,3,Gunzgen-Süd,46.0,6,81.95382685069009,8,14.981179422835623,96.93500627352572,106.93500627352572,4,46.0,245.0,8.240115486368943,4.627304627084111,43.887571612182406,100.0,3,4,0,1
A2_sens_plus,728,A2,1,54.80552070263488,46.409427392940984,0.18576826315259742,249.82430586013737,7,Gotthard-West,139.0,10,138.20552070263489,13,14.680050188205769,152.88557089084065,162.88557089084065,6,139.0,152.0,25.82178857821104,20.587638814729942,28.23677599919481,100.0,7,16,0,9
A2_sens_plus,729,A2,1,54.88080301129234,51.28702410056899,0.1978404926086678,259.23421148175004,7,Gotthard-West,139.0,10,138.28080301129233,13,14.830614805520725,153.11141781681306,163.11141781681306,7,139.0,152.0,27.499828472604822,23.78719562796417,30.071754876517502,100.0,7,16,0,9
A2_sens_plus,730,A2,1,54.956085319949814,35.005595922286716,0.1647425953485586,212.48661190642702,7,Gotthard-West,139.0,10,138.3560853199498,13,14.905897114178146,153.26198243412796,163.26198243412796,8,139.0,152.0,22.899220753449644,12.106375168837072,25.040874492980905,100.0,7,13,0,6
A2_sens_plus,733,A2,1,55.181932245922205,40.760350239194246,0.16272761983290393,250.48206494416138,12,Lavorgo,201.0,1,175.7819322459222,17,14.893350062735266,190.67528230865747,200.67528230865747,0,201.0,90.0,32.70825158641369,8.052098652780558,14.645485784961354,100.0,12,16,0,4
A2_sens_plus,734,A2,1,55.257214554579676,14.84227606612289,0.20502396919082577,72.39288227957611,3,Gunzgen-Süd,46.0,6,82.85721455457968,8,14.90589711417816,97.76311166875784,107.76311166875784,5,46.0,245.0,9.431102582777985,5.411173483344905,50.23087245175231,100.0,3,4,0,1
A2_sens_plus,735,A2,1,55.33249686323714,65.85517804879308,0.2205028196524193,298.65911988155625,19,Coldrerio-Ovest,283.0,7,225.13249686323715,22,14.66750313676286,239.8,249.8,0,283.0,8.0,62.40229796163466,3.4528800871584195,1.7640225572193544,100.0,19,19,1,0
A2_sens_plus,736,A2,1,55.4077791718946,26.56164332198496,0.1569931631476861,169.18980922116955,7,Gotthard-West,139.0,10,138.8077791718946,13,14.529485570890841,153.33726474278544,163.33726474278544,9,139.0,152.0,21.82204967752837,4.7395936444565905,23.862960798448288,100.0,7,10,0,3
A2_sens_plus,737,A2,1,55.48306148055207,34.16572550269108,0.19811231017631498,172.45634797900465,4,Knutwil-Süd,71.0,7,98.08306148055206,9,14.818067754077788,112.90112923462985,122.90112923462985,0,71.0,220.0,14.065974022518363,20.09975148017272,43.5847082387893,100.0,4,10,0,6
A2_sens_plus,739,A2,1,55.633626097867,43.32877064553183,0.22479901289524468,192.74448800948625,6,Neuenkirch-West,86.0,3,107.233626097867,10,14.96863237139273,122.20225846925973,132.20225846925973,0,86.0,205.0,19.332715108991042,23.99605553654079,46.08379764352516,100.0,6,11,0,5
A2_sens_plus,742,A2,1,55.8594730238394,79.02116509927025,0.23205570826398608,340.5267023613827,19,Coldrerio-Ovest,283.0,7,225.6594730238394,22,14.291091593475528,239.95056461731494,249.95056461731494,1,283.0,8.0,65.67176543870806,13.349399660562185,1.8564456661118887,100.0,19,19,1,0
A2_sens_plus,744,A2,1,56.01003764115433,50.653388465030005,0.18608105614175152,272.21141966457685,17,Agno/Muzzano-Sud,263.0,1,213.8100376411543,21,14.66750313676286,228.47754077791717,238.47754077791717,0,263.0,28.0,48.93931776528065,1.7140706997493567,5.210269571969043,100.0,17,17,1,0
A2_sens_plus,745,A2,1,56.0853199498118,49.160160520576646,0.16763555764178012,293.25616362148435,19,Coldrerio-Ovest,283.0,7,225.88531994981182,22,14.1405269761606,240.02584692597242,250.02584692597242,2,283.0,8.0,47.44086281262378,1.7192977079528688,1.341084461134241,100.0,19,19,1,0
A2_sens_plus,746,A2,1,56.16060225846926,36.647532880851024,0.19674845394285717,186.2659255838157,11,San Gottardo-Sud Ambri-Piotta,185.0,6,167.16060225846925,16,14.592220828105411,181.75282308657467,191.75282308657467,0,185.0,106.0,36.39846397942858,0.2490689014224472,20.85533611794286,100.0,11,11,1,0
A2_sens_plus,747,A2,1,56.235884567126725,44.50616161171597,0.18920600224154432,235.2259499405229,10,Wassen,158.0,1,151.03588456712674,15,14.818067754077788,165.85395232120453,175.85395232120453,0,158.0,133.0,29.894548354164,14.611613257551966,25.164398298125395,100.0,10,15,0,5
A2_sens_plus,748,A2,1,56.31116687578419,72.44649100212675,0.17409271164143122,416.1374150535413,19,Coldrerio-Ovest,283.0,7,226.1111668757842,22,14.065244667503151,240.17641154328734,250.17641154328734,3,283.0,8.0,49.26823739452504,23.17825360760171,1.3927416931314498,100.0,19,19,1,0
A2_sens_plus,749,A2,1,56.38644918444166,77.29629649719652,0.22517807092307815,343.2674246667709,19,Coldrerio-Ovest,283.0,7,226.18644918444167,22,14.065244667503123,240.2516938519448,250.2516938519448,4,283.0,8.0,63.725394071231115,13.570902425965407,1.8014245673846252,100.0,19,19,1,0
A2_sens_plus,750,A2,1,56.46173149309912,30.827883473220005,0.18138467721116466,169.95858717068342,6,Neuenkirch-West,86.0,3,108.06173149309913,10,14.66750313676286,122.72923462986199,132.729234629862,1,86.0,205.0,15.599082240160161,15.228801233059844,37.183858828288756,100.0,6,10,0,4
A2_sens_plus,751,A2,1,56.537013801756586,35.79923527741839,0.17728043301458357,201.93562633318618,3,Gunzgen-Süd,46.0,6,84.13701380175658,8,14.742785445420338,98.87979924717692,108.87979924717692,0,46.0,245.0,8.154899918670845,27.644335358747547,43.433706088572976,100.0,3,12,0,9
A2_sens_plus,753,A2,1,56.68757841907152,48.38907204408521,0.19388217018019485,249.57979374334533,13,Bodio/Personico,212.0,1,183.88757841907153,18,14.893350062735237,198.78092848180677,208.78092848180677,0,212.0,79.0,41.10302007820131,7.2860519658839,15.316691444235394,100.0,13,16,0,3
A2_sens_plus,754,A2,1,56.762860727728985,64.66066861270504,0.1802964628837302,358.63525872054123,19,Coldrerio-Ovest,283.0,7,226.562860727729,22,13.764115432873268,240.32697616060227,250.32697616060227,5,283.0,8.0,51.023898996095646,13.636769616609392,1.4423717030698415,100.0,19,19,1,0
A2_sens_plus,756,A2,1,56.91342534504391,36.45885936438933,0.17359972626205525,210.01680215413086,6,Neuenkirch-West,86.0,3,108.51342534504391,10,14.968632371392715,123.48205771643663,133.48205771643663,2,86.0,205.0,14.92957645853675,21.529282905852583,35.58794388372132,100.0,6,12,0,6
A2_sens_plus,757,A2,1,56.98870765370138,84.43076940713203,0.22631554898199005,373.0665868382333,19,Coldrerio-Ovest,283.0,7,226.7887076537014,22,13.839397741530718,240.62810539523213,250.62810539523213,6,283.0,8.0,64.04730036190318,20.38346904522885,1.8105243918559204,100.0,19,19,1,0
A2_sens_plus,760,A2,1,57.214554579673774,66.92464332774223,0.21429984233408325,312.29441234683645,18,Riva San Vitale-Nord,278.0,1,224.01455457967376,22,14.516938519447933,238.5314930991217,248.5314930991217,0,278.0,13.0,59.575356168875146,7.349287158867085,2.7858979503430823,100.0,18,19,0,1
A2_sens_plus,764,A2,1,57.515683814303635,83.50585548245463,0.23897794665398686,349.42912788250584,16,Sasso/Cadenazzo-Nord,243.0,1,203.31568381430364,20,14.742785445420338,218.05846925972398,228.05846925972398,0,243.0,48.0,58.071641036918805,25.43421444553583,11.47094143939137,100.0,16,19,0,3
A2_sens_plus,768,A2,1,57.816813048933504,18.85035740497626,0.15811540004238991,119.21898436156489,5,Inseli,79.0,1,105.21681304893352,10,14.893350062735237,120.11016311166875,130.11016311166875,0,79.0,212.0,12.491116603348804,6.3592408016274575,33.52046480898666,100.0,5,6,0,1
A2_sens_plus,769,A2,1,57.89209535759097,59.6119429302637,0.15158055554401337,393.2690622245055,15,Bellinzona-Nord,233.0,10,197.69209535759097,19,14.66750313676286,212.35959849435383,222.35959849435383,0,233.0,58.0,35.31826944175511,24.29367348850859,8.791672221552775,100.0,15,19,0,4
A2_sens_plus,770,A2,1,57.96737766624843,29.331112699126862,0.19772006332829245,148.34666854433365,2,Teufengraben,40.0,11,81.96737766624844,8,14.830614805520696,96.79799247176913,106.79799247176913,1,40.0,251.0,7.9088025331316985,21.422310165995164,49.62773589540141,100.0,2,8,0,6
A2_sens_plus,771,A2,1,58.042659974905895,55.536964034454144,0.19943145335346177,278.4764544438402,15,Bellinzona-Nord,233.0,10,197.8426599749059,19,14.893350062735266,212.73601003764117,222.73601003764117,1,233.0,58.0,46.46752863135659,9.06943540309755,11.567024294500783,100.0,15,18,0,3
A2_sens_plus,772,A2,1,58.117942283563366,57.21563062129009,0.19073623878629722,299.972522187538,15,Bellinzona-Nord,233.0,10,197.91794228356338,19,14.893350062735266,212.81129234629864,222.81129234629864,2,233.0,58.0,44.44154363720725,12.774086984082835,11.062701849605238,100.0,15,19,0,4
A2_sens_plus,773,A2,1,58.19322459222083,77.95482664718233,0.20681673512913645,376.9270731331645,15,Bellinzona-Nord,233.0,10,197.99322459222083,19,14.893350062735266,212.8865746549561,222.8865746549561,3,233.0,58.0,48.188299285088796,29.766527362093534,11.995370637489915,100.0,15,19,0,4
A2_sens_plus,774,A2,1,58.26850690087829,10.379311432949914,0.2052162703304427,50.57742944181263,2,Teufengraben,40.0,11,82.2685069008783,8,14.604767879548305,96.8732747804266,106.8732747804266,2,40.0,251.0,8.208650813217709,2.170660619732205,51.50928385294112,100.0,2,3,0,1
A2_sens_plus,775,A2,1,58.34378920953576,78.26955674738934,0.2336613041032693,334.97012715805613,15,Bellinzona-Nord,233.0,10,198.14378920953578,19,14.818067754077788,212.96185696361357,222.96185696361357,4,233.0,58.0,54.44308385606175,23.826472891327597,13.552355637989619,100.0,15,19,0,4
A2_sens_plus,776,A2,1,58.41907151819323,59.52952691415792,0.16086571032622624,370.0572781696952,15,Bellinzona-Nord,233.0,10,198.21907151819323,19,14.893350062735266,213.1124215809285,223.1124215809285,5,233.0,58.0,37.481710506010714,22.047816408147206,9.330211198921122,100.0,15,19,0,4
A2_sens_plus,777,A2,1,58.49435382685069,23.019478888396605,0.17251776661055454,133.43251156480184,2,Teufengraben,40.0,11,82.4943538268507,8,14.454203262233364,96.94855708908406,106.94855708908406,3,40.0,251.0,6.900710664422181,16.118768223974424,43.30195941924919,100.0,2,6,0,4
A2_sens_plus,778,A2,1,58.569636135508155,71.83499105082272,0.22930049789596305,313.2788271720862,15,Bellinzona-Nord,233.0,10,198.36963613550816,19,14.818067754077788,213.18770388958595,223.18770388958595,6,233.0,58.0,53.42701600975939,18.40797504106333,13.299428877965857,100.0,15,19,0,4
A2_sens_plus,779,A2,1,58.64491844416562,78.43932334324685,0.23478368672236546,334.09188022506135,15,Bellinzona-Nord,233.0,10,198.44491844416564,19,14.818067754077788,213.26298619824342,223.26298619824342,7,233.0,58.0,54.704599006311156,23.7347243369357,13.617453829897197,100.0,15,19,0,4
A2_sens_plus,780,A2,1,58.72020075282309,30.341078700332584,0.2494824213620868,121.61609837952071,4,Knutwil-Süd,71.0,7,101.32020075282308,10,14.818067754077788,116.13826850690087,126.13826850690087,1,71.0,220.0,17.713251916708163,12.627826783624421,54.88613269965909,100.0,4,6,0,2
A2_sens_plus,781,A2,1,58.79548306148055,83.50349447221447,0.23729120163870843,351.9030368405908,15,Bellinzona-Nord,233.0,10,198.59548306148056,19,14.818067754077788,213.41355081555835,223.41355081555835,8,233.0,58.0,55.28884998181906,28.214644490395408,13.76288969504509,100.0,15,19,0,4
A2_sens_plus,782,A2,1,58.87076537013802,46.35659442389262,0.2389899007072331,193.9688425607586,11,San Gottardo-Sud Ambri-Piotta,185.0,6,169.87076537013803,16,13.613550815558312,183.48431618569634,193.48431618569634,1,185.0,106.0,44.21313163083813,2.1434627930544963,25.33292947496671,100.0,11,11,1,0
A2_sens_plus,783,A2,1,58.94604767879548,58.27395634666572,0.18143479426299047,321.18401866291083,15,Bellinzona-Nord,233.0,10,198.7460476787955,19,14.968632371392715,213.7146800501882,223.7146800501882,9,233.0,58.0,42.27430706327678,15.99964928338894,10.523218067253447,100.0,15,19,0,4
A2_sens_plus,784,A2,1,59.02132998745295,88.7719626894115,0.19016616340093764,466.8126079940349,14,Moleno-Sud,225.0,1,194.02132998745296,19,13.764115432873268,207.78544542032623,217.78544542032623,0,225.0,66.0,42.78738676521097,45.98457592420053,12.550966784461885,100.0,14,19,0,5
A2_sens_plus,785,A2,1,59.096612296110415,38.922886291135946,0.1768085104820551,220.14147500601428,9,Wiler,156.0,1,152.69661229611043,15,14.66750313676286,167.3641154328733,177.3641154328733,0,156.0,135.0,27.582127635200596,11.34075865593535,23.86914891507744,100.0,9,13,0,4
A2_sens_plus,786,A2,1,59.17189460476788,75.05274766560903,0.21062993981927156,356.3251631273651,8,Amsteg,148.0,1,147.97189460476787,14,14.065244667503151,162.03713927227102,172.03713927227102,0,148.0,143.0,31.17323109325219,43.87951657235684,30.120081394155832,100.0,8,19,0,11
A2_sens_plus,787,A2,1,59.24717691342534,35.47192942627677,0.24388053542070384,145.44797257020227,4,Knutwil-Süd,71.0,7,101.84717691342533,10,14.441656210790484,116.28883312421581,126.28883312421581,2,71.0,220.0,17.315518014869973,18.1564114114068,53.65371779255484,100.0,4,7,0,3
A2_sens_plus,788,A2,1,59.32245922208281,73.93708177931929,0.18446408865116176,400.8210070586746,2,Teufengraben,40.0,11,83.32245922208281,8,13.701380175658727,97.02383939774154,107.02383939774154,4,40.0,251.0,7.37856354604647,66.55851823327282,46.300486251441605,100.0,2,19,0,17
A2_sens_plus,789,A2,1,59.39774153074028,58.0587135090114,0.205700178188145,282.24921349318237,4,Knutwil-Süd,71.0,7,101.99774153074027,10,14.96863237139273,116.966373902133,126.966373902133,3,71.0,220.0,14.604712651358296,43.4540008576531,45.254039201391905,100.0,4,18,0,14
A2_sens_plus,790,A2,1,59.47302383939774,27.308455618032113,0.1796299630453485,152.02617177590776,4,Knutwil-Süd,71.0,7,102.07302383939773,10,14.968632371392715,117.04165621079045,127.04165621079045,4,71.0,220.0,12.753727376219745,14.554728241812368,39.518591869976675,100.0,4,8,0,4
A2_sens_plus,791,A2,1,59.548306148055204,43.122087503138914,0.16697999737727073,258.2470246763142,2,Teufengraben,40.0,11,83.5483061480552,8,13.626097867001263,97.17440401505647,107.17440401505647,5,40.0,251.0,6.67919989509083,36.44288760804808,41.91197934169495,100.0,2,16,0,14
A2_sens_plus,792,A2,1,59.623588456712675,35.410850749084936,0.16951855298186555,208.89070916546257,2,Teufengraben,40.0,11,83.62358845671267,8,13.626097867001263,97.24968632371393,107.24968632371393,6,40.0,251.0,6.780742119274622,28.630108629810316,42.54915679844825,100.0,2,12,0,10
A2_sens_plus,793,A2,1,59.69887076537014,16.24867144642911,0.155794534453813,104.2955165493704,2,Teufengraben,40.0,11,83.69887076537015,8,13.62609786700125,97.3249686323714,107.3249686323714,7,40.0,251.0,6.23178137815252,10.016890068276592,39.104428147907065,100.0,2,6,0,4
A2_sens_plus,794,A2,1,59.7741530740276,12.386781607975799,0.24492935230092575,50.572875368392424,2,Teufengraben,40.0,11,83.7741530740276,8,13.701380175658727,97.47553324968632,107.47553324968632,8,40.0,251.0,9.79717409203703,2.589607515938768,61.47726742753236,100.0,2,3,0,1
A2_sens_plus,795,A2,1,59.849435382685066,37.71829243257447,0.19028796085076297,198.21691432258174,2,Teufengraben,40.0,11,83.84943538268507,8,13.701380175658713,97.55081555834379,107.55081555834379,9,40.0,251.0,7.611518434030518,30.106773998543954,47.7622781735415,100.0,2,11,0,9
A2_sens_plus,796,A2,1,59.924717691342536,11.522731825398926,0.2334120892002108,49.366473968343705,2,Teufengraben,40.0,11,83.92471769134254,8,13.701380175658713,97.62609786700125,107.62609786700125,10,40.0,251.0,9.336483568008433,2.1862482573904938,58.586434389252915,100.0,2,3,0,1
A2_sens_plus,797,A2,1,60.0,23.239020606542002,0.21813294726896912,106.53604096719556,2,Teufengraben,40.0,11,84.0,8,13.839397741530746,97.83939774153075,107.83939774153075,0,40.0,251.0,8.725317890758765,14.513702715783237,54.751369764511246,100.0,2,6,0,4
